id,CLS_ID,PID,NAME,RA,DEC,RA_d,DEC_d,EPOC,STATUS,Failed 
0,A0147,STRIPE82,STRIPE82_0024,1:02:22,+00:42:00,15.59166667,0.7,2000,1,UN,UN,UN,-99,50,True 
1,A0147,STRIPE82,STRIPE82_0026,1:08:02,+00:42:00,17.00833333,0.7,2000,1,UN,UN,UN,-99,35,True 
2,A0147,STRIPE82,STRIPE82_0028,1:13:42,+00:42:00,18.425,0.7,2000,1,UN,UN,UN,-99,50,True 
3,A3389,MC,MC0035,6:07:04,-67:09:05,91.76666667,-67.15138889,2000,1,-,ToBeDef,3,1,45,False 
4,A3389,MC,MC0043,6:11:08,-68:25:56,92.78333333,-68.43222222,2000,1,-,ToBeDef,3,1,45,False 
5,A0119,STRIPE82,STRIPE82_0017,0:45:21,-0:42:00,11.3375,-0.7,2000,1,UN,UN,UN,-99,64,True 
6,A0119,STRIPE82,STRIPE82_0018,0:45:21,+00:42:00,11.3375,0.7,2000,1,UN,UN,UN,-99,36,True 
7,A0119,STRIPE82,STRIPE82_0019,0:51:01,-0:42:00,12.75416667,-0.7,2000,1,UN,UN,UN,-99,36,True 
8,A0119,STRIPE82,STRIPE82_0020,0:51:01,+00:42:00,12.75416667,0.7,2000,1,UN,UN,UN,-99,72,True 
9,A0119,STRIPE82,STRIPE82_0021,0:56:42,-0:42:00,14.175,-0.7,2000,1,UN,UN,UN,-99,36,True 
10,A0119,STRIPE82,STRIPE82_0022,0:56:42,+00:42:00,14.175,0.7,2000,1,UN,UN,UN,-99,50,True 
11,A0119,STRIPE82,STRIPE82_0023,1:02:22,-0:42:00,15.59166667,-0.7,2000,1,UN,UN,UN,-99,50,True 
12,A0119,STRIPE82,STRIPE82_0025,1:08:02,-0:42:00,17.00833333,-0.7,2000,1,UN,UN,UN,-99,36,True 
13,A0133,SPLUS,SPLUS-s15s13,1:08:34,-18:54:11,17.14166667,-18.90305556,2000,6,ToBeDef,ToBeDef,0,-5,0,False 
14,A0133,SPLUS,SPLUS-s15s14,1:14:17,-18:54:11,18.57083333,-18.90305556,2000,1,ToBeDef,ToBeDef,0,-5,0,False 
15,A0133,SPLUS,SPLUS-s16s11,0:57:36,-20:14:34,14.4,-20.24277778,2000,1,-,ToBeDef,1,1,36,False 
16,A0133,SPLUS,SPLUS-s16s12,1:03:22,-20:14:34,15.84166667,-20.24277778,2000,1,-,ToBeDef,1,1,36,False 
17,A0133,SPLUS,SPLUS-s16s13,1:09:07,-20:14:34,17.27916667,-20.24277778,2000,6,-,ToBeDef,1,1,34,False 
18,A0133,SPLUS,SPLUS-s16s14,1:14:53,-20:14:34,18.72083333,-20.24277778,2000,1,ToBeDef,ToBeDef,0,-5,0,False 
19,A0133,SPLUS,SPLUS-s17s11,0:58:04,-21:34:50,14.51666667,-21.58055556,2000,6,-,ToBeDef,1,1,35,False 
20,A0133,SPLUS,SPLUS-s17s12,1:03:52,-21:34:50,15.96666667,-21.58055556,2000,1,-,galaxy 
21,A0133,SPLUS,SPLUS-s17s13,1:09:41,-21:34:50,17.42083333,-21.58055556,2000,6,-,ToBeDef,2,1,35,False 
22,A0133,SPLUS,SPLUS-s17s14,1:15:29,-21:34:50,18.87083333,-21.58055556,2000,1,ToBeDef,ToBeDef,0,-5,0,False 
23,A0133,SPLUS,SPLUS-s18s11,0:58:32,-22:55:02,14.63333333,-22.91722222,2000,6,-,ToBeDef,2,1,35,False 
24,A0133,SPLUS,SPLUS-s18s12,1:04:23,-22:55:02,16.09583333,-22.91722222,2000,6,-,ToBeDef,3,1,35,False 
25,A0133,SPLUS,SPLUS-s18s13,1:10:15,-22:55:02,17.5625,-22.91722222,2000,6,-,ToBeDef,3,1,35,False 
26,A0133,SPLUS,SPLUS-s19s10,0:53:20,-24:15:08,13.33333333,-24.25222222,2000,6,-,ToBeDef,3,1,36,False 
27,A0133,SPLUS,SPLUS-s19s11,0:59:16,-24:15:08,14.81666667,-24.25222222,2000,6,ToBeDef,ToBeDef,0,-5,0,False 
28,A0133,SPLUS,SPLUS-s19s12,1:05:11,-24:15:08,16.29583333,-24.25222222,2000,6,ToBeDef,ToBeDef,0,-5,0,False 
29,A0133,SPLUS,SPLUS-s19s13,1:11:07,-24:15:08,17.77916667,-24.25222222,2000,6,ToBeDef,ToBeDef,0,-5,0,False 
30,A0151,SPLUS,SPLUS-s13s12,1:01:53,-16:13:11,15.47083333,-16.21972222,2000,6,-,ToBeDef,1,1,35,False 
31,A0151,SPLUS,SPLUS-s13s13,1:07:30,-16:13:11,16.875,-16.21972222,2000,1,-,galaxy 
32,A0151,SPLUS,SPLUS-s13s14,1:13:08,-16:13:11,18.28333333,-16.21972222,2000,1,-,ToBeDef,3,1,36,False 
33,A0151,SPLUS,SPLUS-s14s12,1:02:22,-17:33:44,15.59166667,-17.56222222,2000,6,-,ToBeDef,2,1,32,False 
34,A0151,SPLUS,SPLUS-s14s13,1:08:02,-17:33:44,17.00833333,-17.56222222,2000,1,-,ToBeDef,3,1,36,False 
35,A0151,SPLUS,SPLUS-s14s14,1:13:42,-17:33:44,18.425,-17.56222222,2000,1,-,galaxies,4,1,36,False 
36,A0168,STRIPE82,STRIPE82_0027,1:13:42,-0:42:00,18.425,-0.7,2000,1,UN,UN,UN,-99,93,True 
37,A0168,STRIPE82,STRIPE82_0029,1:19:22,-0:42:00,19.84166667,-0.7,2000,1,UN,UN,UN,-99,126,True 
38,A0168,STRIPE82,STRIPE82_0030,1:19:22,+00:42:00,19.84166667,0.7,2000,1,UN,UN,UN,-99,100,True 
39,A0168,STRIPE82,STRIPE82_0031,1:25:02,-0:42:00,21.25833333,-0.7,2000,1,UN,UN,UN,-99,50,True 
40,A0168,STRIPE82,STRIPE82_0032,1:25:02,+00:42:00,21.25833333,0.7,2000,1,UN,UN,UN,-99,86,True 
41,A0194,STRIPE82,STRIPE82_0033,1:30:43,-0:42:00,22.67916667,-0.7,2000,1,UN,UN,UN,-99,50,True 
42,A0194,STRIPE82,STRIPE82_0034,1:30:43,+00:42:00,22.67916667,0.7,2000,1,UN,UN,UN,-99,50,True 
43,A0194,STRIPE82,STRIPE82_0035,1:36:23,-0:42:00,24.09583333,-0.7,2000,1,UN,UN,UN,-99,36,True 
44,A0194,STRIPE82,STRIPE82_0036,1:36:23,+00:42:00,24.09583333,0.7,2000,2,UN,UN,UN,-99,36,True 
45,A0194,STRIPE82,STRIPE82_0037,1:42:03,-0:42:00,25.5125,-0.7,2000,1,UN,UN,UN,-99,36,True 
46,A0194,STRIPE82,STRIPE82_0038,1:42:03,+00:42:00,25.5125,0.7,2000,1,UN,UN,UN,-99,50,True 
47,A0957,SPLUS,SPLUS-n01s02,10:08:36,0:00:00,152.15,0.0,2000,6,ToBeDef,ToBeDef,0,-5,0,False 
48,A0957,SPLUS,SPLUS-n01s03,10:14:02,0:00:00,153.5083333,0.0,2000,6,ToBeDef,ToBeDef,0,-5,0,False 
49,A0957,SPLUS,SPLUS-n01s04,10:19:28,0:00:00,154.8666667,0.0,2000,6,ToBeDef,ToBeDef,0,-5,0,False 
50,A0957,SPLUS,SPLUS-n01s05,10:24:54,0:00:00,156.225,0.0,2000,6,ToBeDef,ToBeDef,0,-5,0,False 
51,A0957,SPLUS,SPLUS-n02s01,10:03:10,-1:21:33,150.7916667,-1.359166667,2000,6,-,two invalidated,1,1,0,False
52,A0957,SPLUS,SPLUS-n02s02,10:08:36,-1:21:33,152.15,-1.359166667,2000,1,ToBeDef,ToBeDef,0,0,0,False 
53,A0957,SPLUS,SPLUS-n02s03,10:14:02,-1:21:33,153.5083333,-1.359166667,2000,4,U F395
54,A0957,SPLUS,SPLUS-n02s04,10:19:28,-1:21:33,154.8666667,-1.359166667,2000,4,ToBeDef,ToBeDef,0,-5,0,False 
55,A0957,SPLUS,SPLUS-n02s05,10:24:54,-1:21:33,156.225,-1.359166667,2000,6,ToBeDef,ToBeDef,0,-5,0,False 
56,A0957,SPLUS,SPLUS-n02n02,10:08:36,+01:21:33.4908,152.15,1.359303,2000,6,ToBeDef,ToBeDef,0,-5,0,False 
57,A0957,SPLUS,SPLUS-n02n03,10:14:02,+01:21:33.4908,153.5083333,1.359303,2000,6,F660,ToBeDef,0,-5,0,False 
58,A0957,SPLUS,SPLUS-n02n04,10:19:28,+01:21:33.4908,154.8666667,1.359303,2000,1,ToBeDef,ToBeDef,0,-5,0,False 
59,A0957,SPLUS,SPLUS-n02n05,10:24:54,+01:21:33.4908,156.225,1.359303,2000,6,ToBeDef,ToBeDef,0,-5,0,False 
60,A0957,SPLUS,SPLUS-n03s01,10:03:10,-2:43:02,150.7916667,-2.717222222,2000,1,-,galaxies,4,1,35,False 
61,A0957,SPLUS,SPLUS-n03s02,10:08:36,-2:43:02,152.15,-2.717222222,2000,6,-,ToBeDef,3,1,0,False 
62,A0957,SPLUS,SPLUS-n03s03,10:14:02,-2:43:02,153.5083333,-2.717222222,2000,6,ToBeDef,ToBeDef,0,0,0,False 
63,A0957,SPLUS,SPLUS-n03s04,10:19:28,-2:43:02,154.8666667,-2.717222222,2000,1,ToBeDef,ToBeDef,0,0,0,False 
64,A0957,SPLUS,SPLUS-n03s05,10:24:54,-2:43:02,156.225,-2.717222222,2000,2,ToBeDef,defocused?,0,0,0,False 
65,A0970,SPLUS,SPLUS-n07s05,10:24:11,-8:08:06,156.0458333,-8.135,2000,1,-,ToBeDef,1,1,36,False 
66,A0970,SPLUS,SPLUS-n08s05,10:26:34,-9:29:10,156.6416667,-9.486111111,2000,1,-,ToBeDef,1,1,36,False 
67,A0970,SPLUS,SPLUS-n09s06,10:28:58,-10:50:08,157.2416667,-10.83555556,2000,1,-,ToBeDef,3,1,35,False 
68,A1069,SPLUS,SPLUS-n06s07,10:32:44,-6:46:57,158.1833333,-6.7825,2000,6,ToBeDef,ToBeDef,0,-5,0,False 
69,A1069,SPLUS,SPLUS-n06s08,10:38:11,-6:46:57,159.5458333,-6.7825,2000,6,ToBeDef,ToBeDef,0,-5,0,False 
70,A1069,SPLUS,SPLUS-n06s09,10:43:38,-6:46:57,160.9083333,-6.7825,2000,6,ToBeDef,ToBeDef,0,-5,0,False 
71,A1069,SPLUS,SPLUS-n07s07,10:35:08,-8:08:06,158.7833333,-8.135,2000,6,-,ToBeDef,3,1,0,False 
72,A1069,SPLUS,SPLUS-n07s08,10:40:37,-8:08:06,160.1541667,-8.135,2000,6,ToBeDef,ToBeDef,0,-5,0,False 
73,A1069,SPLUS,SPLUS-n07s09,10:46:05,-8:08:06,161.5208333,-8.135,2000,6,ToBeDef,ToBeDef,0,-5,0,False 
74,A1069,SPLUS,SPLUS-n08s06,10:32:04,-9:29:10,158.0166667,-9.486111111,2000,1,-,ToBeDef,1,1,36,False 
75,A1069,SPLUS,SPLUS-n08s07,10:37:33,-9:29:10,159.3875,-9.486111111,2000,1,-,ToBeDef,1,1,36,False 
76,A1069,SPLUS,SPLUS-n08s08,10:43:03,-9:29:10,160.7625,-9.486111111,2000,6,-,galaxies,5,1,0,False 
77,A1069,SPLUS,SPLUS-n09s07,10:34:29,-10:50:08,158.6208333,-10.83555556,2000,1,-,ToBeDef,1,1,35,False 
78,A1069,SPLUS,SPLUS-n09s08,10:40:00,-10:50:08,160.0,-10.83555556,2000,6,-,ToBeDef,1,1,33,False 
79,A1069,SPLUS,SPLUS-n09s09,10:45:31,-10:50:08,161.3791667,-10.83555556,2000,1,-,ToBeDef,2,1,36,False 
80,A1520,SPLUS,SPLUS-n10s25,12:16:37,-12:11:01,184.1541667,-12.18361111,2000,6,ToBeDef,ToBeDef,0,-5,0,False 
81,A1520,SPLUS,SPLUS-n10s26,12:22:09,-12:11:01,185.5375,-12.18361111,2000,5,ToBeDef,6,0,-5,0,False 
82,A1520,SPLUS,SPLUS-n11s25,12:13:54,-13:31:50,183.475,-13.53055556,2000,1,-,galaxy 
83,A1520,SPLUS,SPLUS-n11s27,12:25:01,-13:31:50,186.2541667,-13.53055556,2000,6,-,galaxies,3,1,35,False 
84,A1631,SPLUS,SPLUS-n10s29,12:38:46,-12:11:01,189.6916667,-12.18361111,2000,6,ToBeDef,ToBeDef,0,-5,0,False 
85,A1631,SPLUS,SPLUS-n10s30,12:44:18,-12:11:01,191.075,-12.18361111,2000,1,F410 F515
86,A1631,SPLUS,SPLUS-n10s31,12:49:51,-12:11:01,192.4625,-12.18361111,2000,6,ToBeDef,ToBeDef,0,-5,0,False 
87,A1631,SPLUS,SPLUS-n10s32,12:55:23,-12:11:01,193.8458333,-12.18361111,2000,1,ToBeDef,ToBeDef,0,-5,0,False 
88,A1631,SPLUS,SPLUS-n10s33,13:00:55,-12:11:01,195.2291667,-12.18361111,2000,1,ToBeDef,ToBeDef,0,-5,0,False 
89,A1631,SPLUS,SPLUS-n13s34,13:07:30,-16:13:11,196.875,-16.21972222,2000,1,-,galaxies,4,1,36,False 
90,A1631,SPLUS,SPLUS-n14s29,12:39:41,-17:33:44,189.9208333,-17.56222222,2000,2,-,ToBeDef,1,1,35,False 
91,A1631,SPLUS,SPLUS-n14s30,12:45:21,-17:33:44,191.3375,-17.56222222,2000,6,-,ToBeDef,1,1,0,False 
92,A1631,SPLUS,SPLUS-n14s34,13:08:02,-17:33:44,197.0083333,-17.56222222,2000,1,-,galaxies,4,1,36,False 
93,A1631,SPLUS,SPLUS-n15s29,12:40:00,-18:54:11,190.0,-18.90305556,2000,4,ToBeDef,ToBeDef,0,-5,0,False 
94,A1631,SPLUS,SPLUS-n15s30,12:45:43,-18:54:11,191.4291667,-18.90305556,2000,4,Z F861,,0,-5,0,False
95,A1631,SPLUS,SPLUS-n15s34,13:08:34,-18:54:11,197.1416667,-18.90305556,2000,6,ToBeDef,ToBeDef,0,-5,0,False 
96,A1644,SPLUS,SPLUS-n12s30,12:47:38,-14:52:33,191.9083333,-14.87583333,2000,1,-,wanderful 
97,A1644,SPLUS,SPLUS-n12s31,12:53:14,-14:52:33,193.3083333,-14.87583333,2000,1,-,galaxies,7,1,72,True
98,A1644,SPLUS,SPLUS-n12s32,12:58:50,-14:52:33,194.7083333,-14.87583333,2000,4,-,"asteroids, galaxy"
99,A1644,SPLUS,SPLUS-n12s33,13:04:26,-14:52:33,196.1083333,-14.87583333,2000,1,-,galaxies,3,1,36,True 
100,A1644,SPLUS,SPLUS-n12s34,13:10:02,-14:52:33,197.5083333,-14.87583333,2000,4,-,galaxies,3,1,36,True 
101,A1644,SPLUS,SPLUS-n13s30,12:45:00,-16:13:11,191.25,-16.21972222,2000,1,-,ToBeDef,3,1,36,True 
102,A1644,SPLUS,SPLUS-n13s31,12:50:38,-16:13:11,192.6583333,-16.21972222,2000,1,-,galaxies,4,1,36,True 
103,A1644,SPLUS,SPLUS-n13s32,12:56:15,-16:13:11,194.0625,-16.21972222,2000,1,-,ToBeDef,3,1,34,True 
104,A1644,SPLUS,SPLUS-n13s33,13:01:53,-16:13:11,195.4708333,-16.21972222,2000,1,-,galaxies,5,1,36,True 
105,A1644,SPLUS,SPLUS-n14s31,12:51:01,-17:33:44,192.7541667,-17.56222222,2000,1,-,galaxies,4,1,36,True 
106,A1644,SPLUS,SPLUS-n14s32,12:56:42,-17:33:44,194.175,-17.56222222,2000,1,-,galaxies,5,1,36,True 
107,A1644,SPLUS,SPLUS-n14s33,13:02:22,-17:33:44,195.5916667,-17.56222222,2000,1,-,galaxies,5,1,36,True 
108,A1644,SPLUS,SPLUS-n15s31,12:51:26,-18:54:11,192.8583333,-18.90305556,2000,1,-,ToBeDef,3,1,34,True 
109,A1644,SPLUS,SPLUS-n15s32,12:57:09,-18:54:11,194.2875,-18.90305556,2000,1,-,galaxies,4,1,36,True 
110,A1644,SPLUS,SPLUS-n15s33,13:02:51,-18:54:11,195.7125,-18.90305556,2000,1,-,ToBeDef,2,1,35,True 
111,A1644,SPLUS,SPLUS-n16s29,12:46:05,-20:14:34,191.5208333,-20.24277778,2000,6,ToBeDef,ToBeDef,0,-5,0,False 
112,A1644,SPLUS,SPLUS-n16s30,12:51:50,-20:14:34,192.9583333,-20.24277778,2000,1,ToBeDef,ToBeDef,0,-5,0,False 
113,A1644,SPLUS,SPLUS-n16s31,12:57:36,-20:14:34,194.4,-20.24277778,2000,6,ToBeDef,ToBeDef,0,-5,0,False 
114,A1644,SPLUS,SPLUS-n16s32,13:03:22,-20:14:34,195.8416667,-20.24277778,2000,1,ToBeDef,ToBeDef,0,-5,0,False 
115,A1644,SPLUS,SPLUS-n16s33,13:09:07,-20:14:34,197.2791667,-20.24277778,2000,6,ToBeDef,ToBeDef,0,-5,0,False 
116,A2399,SPLUS,SPLUS-s06s04,21:54:33,-6:46:57,328.6375,-6.7825,2000,6,-,ToBeDef,3,1,35,False 
117,A2399,SPLUS,SPLUS-s06s05,22:00:00,-6:46:57,330.0,-6.7825,2000,1,-,ToBeDef,3,1,72,False 
118,A2399,SPLUS,SPLUS-s06s06,22:05:27,-6:46:57,331.3625,-6.7825,2000,6,-,ToBeDef,3,1,35,False 
119,A2399,SPLUS,SPLUS-s07s04,21:54:04,-8:08:06,328.5166667,-8.135,2000,6,-,ToBeDef,3,1,35,False 
120,A2399,SPLUS,SPLUS-s07s05,21:59:33,-8:08:06,329.8875,-8.135,2000,6,-,galaxy 
121,A2399,SPLUS,SPLUS-s07s06,22:05:01,-8:08:06,331.2541667,-8.135,2000,1,-,galaxy 
122,A2399,SPLUS,SPLUS-s08s04,21:53:35,-9:29:10,328.3958333,-9.486111111,2000,4,-,ToBeDef,2,1,34,False 
123,A2399,SPLUS,SPLUS-s08s05,21:59:05,-9:29:10,329.7708333,-9.486111111,2000,6,-,galaxy 
124,A2399,SPLUS,SPLUS-s08s06,22:04:35,-9:29:10,331.1458333,-9.486111111,2000,1,-,galaxy 
125,A2415,SPLUS,SPLUS-s04s05,22:00:27,-4:04:25,330.1125,-4.073611111,2000,1,-,ToBeDef,2,1,35,False 
126,A2415,SPLUS,SPLUS-s04s06,22:05:53,-4:04:25,331.4708333,-4.073611111,2000,1,-,ToBeDef,2,1,36,False 
127,A2415,SPLUS,SPLUS-s04s07,22:11:19,-4:04:25,332.8291667,-4.073611111,2000,1,-,ToBeDef,2,1,36,False 
128,A2415,SPLUS,SPLUS-s05s05,22:00:00,-5:25:44,330.0,-5.428888889,2000,6,-,ToBeDef,2,1,35,False 
129,A2415,SPLUS,SPLUS-s05s06,22:05:27,-5:25:44,331.3625,-5.428888889,2000,6,-,ToBeDef,2,1,34,False 
130,A2415,SPLUS,SPLUS-s05s07,22:10:55,-5:25:44,332.7291667,-5.428888889,2000,6,-,ToBeDef,3,1,34,False 
131,A2415,SPLUS,SPLUS-s06s07,22:10:55,-6:46:57,332.7291667,-6.7825,2000,6,-,ToBeDef,2,1,35,False 
132,A2457,STRIPE82,STRIPE82_0139,22:29:17,-0:42:00,337.3208333,-0.7,2000,1,UN,UN,UN,-99,36,True 
133,A2457,STRIPE82,STRIPE82_0140,22:29:17,+00:42:00,337.3208333,0.7,2000,1,UN,UN,UN,-99,36,True 
134,A2457,STRIPE82,STRIPE82_0141,22:34:58,-0:42:00,338.7416667,-0.7,2000,1,UN,UN,UN,-99,36,True 
135,A2457,STRIPE82,STRIPE82_0142,22:34:58,+00:42:00,338.7416667,0.7,2000,1,UN,UN,UN,-99,50,True 
136,A2457,STRIPE82,STRIPE82_0143,22:40:38,-0:42:00,340.1583333,-0.7,2000,1,UN,UN,UN,-99,50,True 
137,A2457,STRIPE82,STRIPE82_0144,22:40:38,+00:42:00,340.1583333,0.7,2000,1,UN,UN,UN,-99,36,True 
138,A2717,SPLUS,SPLUS-s25s01,0:00:04,-32:13:38,0.01666666667,-32.22722222,2000,1,-,galaxies,6,1,36,False 
139,A2717,SPLUS,SPLUS-s25s02,0:06:22,-32:13:38,1.591666667,-32.22722222,2000,1,-,ToBeDef,1,1,36,False 
140,A2717,SPLUS,SPLUS-s25s03,0:12:45,-32:13:38,3.1875,-32.22722222,2000,4,-,ToBeDef,1,1,36,False 
141,A2717,SPLUS,SPLUS-s25s04,0:19:07,-32:13:38,4.779166667,-32.22722222,2000,1,-,ToBeDef,2,1,36,False 
142,A2717,SPLUS,SPLUS-s26s01,0:00:04,-33:33:01,0.01666666667,-33.55027778,2000,4,-,ToBeDef,3,1,36,False 
143,A2717,SPLUS,SPLUS-s26s02,0:06:27,-33:33:01,1.6125,-33.55027778,2000,6,-,ToBeDef,3,1,32,False 
144,A2717,SPLUS,SPLUS-s26s03,0:12:55,-33:33:01,3.229166667,-33.55027778,2000,6,-,ToBeDef,4,1,35,False 
145,A2717,SPLUS,SPLUS-s26s04,0:19:22,-33:33:01,4.841666667,-33.55027778,2000,6,-,ToBeDef,1,1,35,False 
146,A2717,SPLUS,SPLUS-s27s01,0:00:04,-34:52:18,0.01666666667,-34.87166667,2000,1,-,galaxies,5,1,36,False 
147,A2717,SPLUS,SPLUS-s27s02,0:06:35,-34:52:18,1.645833333,-34.87166667,2000,6,-,ToBeDef,1,1,35,False 
148,A2717,SPLUS,SPLUS-s27s03,0:13:09,-34:52:18,3.2875,-34.87166667,2000,6,ToBeDef,ToBeDef,0,-5,0,False 
149,A2717,SPLUS,SPLUS-s27s04,0:19:44,-34:52:18,4.933333333,-34.87166667,2000,6,ToBeDef,ToBeDef,0,-5,0,False 
150,A2717,SPLUS,SPLUS-s28s01,0:00:04,-36:11:28,0.01666666667,-36.19111111,2000,4,-,ToBeDef,1,1,36,False 
151,A2717,SPLUS,SPLUS-s28s02,0:06:40,-36:11:28,1.666666667,-36.19111111,2000,1,-,galaxy 
152,A2717,SPLUS,SPLUS-s28s03,0:13:20,-36:11:28,3.333333333,-36.19111111,2000,1,ToBeDef,ToBeDef,0,-5,0,False 
153,A2717,SPLUS,SPLUS-s29s01,0:00:04,-37:30:31,0.01666666667,-37.50861111,2000,1,-,ToBeDef,3,1,36,False 
154,A2717,SPLUS,SPLUS-s29s02,0:06:48,-37:30:31,1.7,-37.50861111,2000,1,-,galaxies,4,1,36,False 
155,A2717,SPLUS,SPLUS-s29s03,0:13:35,-37:30:31,3.395833333,-37.50861111,2000,6,ToBeDef,ToBeDef,0,-5,0,False 
156,A2717,SPLUS,SPLUS-s30s02,0:06:53,-38:49:26,1.720833333,-38.82388889,2000,1,ToBeDef,ToBeDef,0,-5,0,False 
157,A2717,SPLUS,SPLUS-s30s03,0:13:47,-38:49:26,3.445833333,-38.82388889,2000,1,-,galaxies,7,1,36,False 
158,A2734,SPLUS,SPLUS-s21s02,0:06:03,-26:55:02,1.5125,-26.91722222,2000,1,-,ToBeDef,1,1,36,False 
159,A2734,SPLUS,SPLUS-s21s03,0:12:06,-26:55:02,3.025,-26.91722222,2000,6,-,ToBeDef,2,1,35,False 
160,A2734,SPLUS,SPLUS-s21s04,0:18:09,-26:55:02,4.5375,-26.91722222,2000,6,-,ToBeDef,1,1,35,False 
161,A2734,SPLUS,SPLUS-s22s02,0:06:08,-28:14:50,1.533333333,-28.24722222,2000,6,-,galaxy 
162,A2734,SPLUS,SPLUS-s22s03,0:12:15,-28:14:50,3.0625,-28.24722222,2000,6,-,ToBeDef,4,1,35,False 
163,A2734,SPLUS,SPLUS-s22s04,0:18:23,-28:14:50,4.595833333,-28.24722222,2000,6,-,ToBeDef,1,1,35,False 
164,A2870,SPLUS,SPLUS-s32s14,1:33:08,-41:26:57,23.28333333,-41.44916667,2000,6,-,galaxies,6,1,36,False 
165,A2870,SPLUS,SPLUS-s34s10,1:07:09,-44:03:55,16.7875,-44.06527778,2000,6,ToBeDef,ToBeDef,0,-5,0,False 
166,A2870,SPLUS,SPLUS-s34s11,1:14:37,-44:03:55,18.65416667,-44.06527778,2000,6,ToBeDef,ToBeDef,0,-5,0,False 
167,A2870,SPLUS,SPLUS-s35s09,1:00:57,-45:22:11,15.2375,-45.36972222,2000,6,ToBeDef,ToBeDef,0,-5,0,False 
168,A2870,SPLUS,SPLUS-s35s10,1:08:34,-45:22:11,17.14166667,-45.36972222,2000,6,ToBeDef,ToBeDef,0,-5,0,False 
169,A2870,SPLUS,SPLUS-s35s11,1:16:11,-45:22:11,19.04583333,-45.36972222,2000,1,R,ToBeDef,0,-5,0,False 
170,A2870,SPLUS,SPLUS-s36s09,1:02:37,-46:40:19,15.65416667,-46.67194444,2000,1,ToBeDef,ToBeDef,0,-5,0,False 
171,A2870,SPLUS,SPLUS-s36s10,1:10:26,-46:40:19,17.60833333,-46.67194444,2000,6,ToBeDef,ToBeDef,0,-5,0,False 
172,A2870,SPLUS,SPLUS-s36s11,1:18:16,-46:40:19,19.56666667,-46.67194444,2000,1,ToBeDef,ToBeDef,0,-5,0,False 
173,A2870,SPLUS,SPLUS-s37s09,1:04:00,-47:58:16,16.0,-47.97111111,2000,6,ToBeDef,ToBeDef,0,-5,0,False 
174,A2870,SPLUS,SPLUS-s37s10,1:12:00,-47:58:16,18.0,-47.97111111,2000,1,ToBeDef,ToBeDef,0,-5,0,False 
175,A3223,SPLUS,SPLUS-s25s41,4:14:52,-32:13:38,63.71666667,-32.22722222,2000,1,-,galaxies,6,1,70,False 
176,A3301,SPLUS,SPLUS-s30s44,4:56:16,-38:49:26,74.06666667,-38.82388889,2000,1,-,ToBeDef,1,1,36,False 
177,A3301,SPLUS,SPLUS-s31s43,4:55:01,-40:08:16,73.75416667,-40.13777778,2000,6,U 
178,A3565,SPLUS,SPLUS-n18s29,12:46:50,-22:55:02,191.7083333,-22.91722222,2000,6,ToBeDef,ToBeDef,0,-5,0,False 
179,A3565,SPLUS,SPLUS-n18s30,12:52:41,-22:55:02,193.1708333,-22.91722222,2000,6,ToBeDef,ToBeDef,0,-5,0,False 
180,A3565,SPLUS,SPLUS-n18s31,12:58:32,-22:55:02,194.6333333,-22.91722222,2000,1,ToBeDef,ToBeDef,0,-5,0,False 
181,A3565,SPLUS,SPLUS-n18s34,13:16:06,-22:55:02,199.025,-22.91722222,2000,1,-,ToBeDef,1,1,35,False 
182,A3565,SPLUS,SPLUS-n18s35,13:21:57,-22:55:02,200.4875,-22.91722222,2000,1,-,galaxies,4,1,36,False 
183,A3565,SPLUS,SPLUS-n18s36,13:27:48,-22:55:02,201.95,-22.91722222,2000,1,-,ToBeDef,1,1,35,False 
184,A3565,SPLUS,SPLUS-n18s37,13:33:40,-22:55:02,203.4166667,-22.91722222,2000,1,-,galaxies,5,1,36,False 
185,A3565,SPLUS,SPLUS-n18s38,13:39:31,-22:55:02,204.8791667,-22.91722222,2000,1,-,ToBeDef,1,1,35,False 
186,A3565,SPLUS,SPLUS-n18s39,13:45:22,-22:55:02,206.3416667,-22.91722222,2000,1,-,ToBeDef,2,1,36,False 
187,A3565,SPLUS,SPLUS-n18s40,13:51:13,-22:55:02,207.8041667,-22.91722222,2000,1,ToBeDef,ToBeDef,0,-5,0,False 
188,A3565,SPLUS,SPLUS-n18s41,13:57:04,-22:55:02,209.2666667,-22.91722222,2000,6,ToBeDef,ToBeDef,0,-5,0,False 
189,A3565,SPLUS,SPLUS-n18s42,14:02:56,-22:55:02,210.7333333,-22.91722222,2000,6,ToBeDef,ToBeDef,0,-5,0,False 
190,A3565,SPLUS,SPLUS-n18s43,14:08:47,-22:55:02,212.1958333,-22.91722222,2000,4,ToBeDef,6,0,-5,0,False 
191,A3565,SPLUS,SPLUS-n18s44,14:14:38,-22:55:02,213.6583333,-22.91722222,2000,1,ToBeDef,ToBeDef,0,-5,0,False 
192,A3565,SPLUS,SPLUS-n18s45,14:20:29,-22:55:02,215.1208333,-22.91722222,2000,1,ToBeDef,ToBeDef,0,-5,0,False 
193,A3565,SPLUS,SPLUS-n18s46,14:26:20,-22:55:02,216.5833333,-22.91722222,2000,1,ToBeDef,ToBeDef,0,-5,0,False 
194,A3565,SPLUS,SPLUS-n19s19,12:46:12,-24:15:13,191.55,-24.25361111,2000,1,ToBeDef,ToBeDef,0,-5,0,False 
195,A3565,SPLUS,SPLUS-n19s20,12:52:06,-24:15:13,193.025,-24.25361111,2000,6,ToBeDef,ToBeDef,0,-5,0,False 
196,A3565,SPLUS,SPLUS-n19s21,12:58:00,-24:15:13,194.5,-24.25361111,2000,6,ToBeDef,ToBeDef,0,-5,0,False 
197,A3565,SPLUS,SPLUS-n19s24,13:15:42,-24:15:13,198.925,-24.25361111,2000,1,-,ToBeDef,1,1,35,False 
198,A3565,SPLUS,SPLUS-n19s25,13:21:36,-24:15:13,200.4,-24.25361111,2000,1,-,galaxies,5,1,36,False 
199,A3565,SPLUS,SPLUS-n19s26,13:27:30,-24:15:13,201.875,-24.25361111,2000,1,-,ToBeDef,1,1,36,False 
200,A3565,SPLUS,SPLUS-n19s27,13:33:24,-24:15:13,203.35,-24.25361111,2000,1,-,ToBeDef,2,1,36,False 
201,A3565,SPLUS,SPLUS-n19s28,13:39:18,-24:15:13,204.825,-24.25361111,2000,1,-,galaxies,4,1,36,False 
202,A3565,SPLUS,SPLUS-n19s30,13:51:06,-24:15:13,207.775,-24.25361111,2000,6,-,ToBeDef,3,1,34,False 
203,A3565,SPLUS,SPLUS-n19s31,13:57:00,-24:15:13,209.25,-24.25361111,2000,2,-,some 
204,A3565,SPLUS,SPLUS-n19s32,14:02:54,-24:15:13,210.725,-24.25361111,2000,2,-,galaxies,5,1,36,False 
205,A3565,SPLUS,SPLUS-n19s33,14:08:48,-24:15:13,212.2,-24.25361111,2000,1,-,ToBeDef,2,1,36,False 
206,A3565,SPLUS,SPLUS-n19s34,14:14:42,-24:15:13,213.675,-24.25361111,2000,6,-,ToBeDef,3,1,35,False 
207,A3565,SPLUS,SPLUS-n19s35,14:20:36,-24:15:13,215.15,-24.25361111,2000,1,-,seeing,1,1,36,False 
208,A3565,SPLUS,SPLUS-n19s36,14:26:30,-24:15:13,216.625,-24.25361111,2000,1,-,ToBeDef,2,1,36,False 
209,A3565,SPLUS,SPLUS-n20s19,12:47:06,-25:35:24,191.775,-25.59,2000,1,ToBeDef,ToBeDef,0,-5,0,False 
210,A3565,SPLUS,SPLUS-n20s20,12:53:03,-25:35:24,193.2625,-25.59,2000,6,ToBeDef,ToBeDef,0,-5,0,False 
211,A3565,SPLUS,SPLUS-n20s21,12:59:00,-25:35:24,194.75,-25.59,2000,1,ToBeDef,ToBeDef,0,-5,0,False 
212,A3565,SPLUS,SPLUS-n20s22,13:04:57,-25:35:24,196.2375,-25.59,2000,1,-,ToBeDef,1,1,36,False 
213,A3565,SPLUS,SPLUS-n20s24,13:16:51,-25:35:24,199.2125,-25.59,2000,4,-,ToBeDef,1,1,35,False 
214,A3565,SPLUS,SPLUS-n20s26,13:28:45,-25:35:24,202.1875,-25.59,2000,6,-,galaxies,5,1,35,False 
215,A3565,SPLUS,SPLUS-n20s27,13:34:42,-25:35:24,203.675,-25.59,2000,1,-,ToBeDef,3,1,35,False 
216,A3565,SPLUS,SPLUS-n20s28,13:40:39,-25:35:24,205.1625,-25.59,2000,6,-,ToBeDef,2,1,35,False 
217,A3565,SPLUS,SPLUS-n20s29,13:46:36,-25:35:24,206.65,-25.59,2000,1,-,ToBeDef,1,1,36,False 
218,A3565,SPLUS,SPLUS-n20s30,13:52:33,-25:35:24,208.1375,-25.59,2000,1,-,ToBeDef,1,1,36,False 
219,A3565,SPLUS,SPLUS-n20s31,13:58:30,-25:35:24,209.625,-25.59,2000,1,-,galaxies,5,1,36,False 
220,A3565,SPLUS,SPLUS-n20s32,14:04:27,-25:35:24,211.1125,-25.59,2000,1,-,galaxies,4,1,36,False 
221,A3565,SPLUS,SPLUS-n20s33,14:10:24,-25:35:24,212.6,-25.59,2000,1,-,ToBeDef,2,1,36,False 
222,A3581,SPLUS,SPLUS-n16s39,13:43:41,-20:14:34,205.9208333,-20.24277778,2000,6,ToBeDef,ToBeDef,0,-5,0,False 
223,A3581,SPLUS,SPLUS-n16s40,13:49:26,-20:14:34,207.3583333,-20.24277778,2000,6,ToBeDef,ToBeDef,0,-5,0,False 
224,A3581,SPLUS,SPLUS-n16s41,13:55:12,-20:14:34,208.8,-20.24277778,2000,6,ToBeDef,ToBeDef,0,-5,0,False 
225,A3581,SPLUS,SPLUS-n16s42,14:00:58,-20:14:34,210.2416667,-20.24277778,2000,4,ToBeDef,6,0,-5,0,False 
226,A3581,SPLUS,SPLUS-n16s43,14:06:43,-20:14:34,211.6791667,-20.24277778,2000,1,ToBeDef,ToBeDef,0,-5,0,False 
227,A3581,SPLUS,SPLUS-n16s44,14:12:29,-20:14:34,213.1208333,-20.24277778,2000,1,ToBeDef,ToBeDef,0,-5,0,False 
228,A3581,SPLUS,SPLUS-n16s45,14:18:14,-20:14:34,214.5583333,-20.24277778,2000,1,ToBeDef,ToBeDef,0,-5,0,False 
229,A3581,SPLUS,SPLUS-n16s46,14:24:00,-20:14:34,216.0,-20.24277778,2000,4,ToBeDef,6,0,-5,0,False 
230,A3581,SPLUS,SPLUS-n16s47,14:29:46,-20:14:34,217.4416667,-20.24277778,2000,4,ToBeDef,6,0,-5,0,False 
231,A3581,SPLUS,SPLUS-n16s48,14:35:31,-20:14:34,218.8791667,-20.24277778,2000,4,ToBeDef,ToBeDef,0,-5,0,False 
232,A3581,SPLUS,SPLUS-n17s39,13:44:31,-21:34:50,206.1291667,-21.58055556,2000,1,ToBeDef,ToBeDef,0,-5,0,False 
233,A3581,SPLUS,SPLUS-n17s40,13:50:19,-21:34:50,207.5791667,-21.58055556,2000,4,ToBeDef,6,0,-5,0,False 
234,A3581,SPLUS,SPLUS-n17s41,13:56:08,-21:34:50,209.0333333,-21.58055556,2000,6,ToBeDef,ToBeDef,0,-5,0,False 
235,A3581,SPLUS,SPLUS-n17s42,14:01:56,-21:34:50,210.4833333,-21.58055556,2000,6,ToBeDef,ToBeDef,0,-5,0,False 
236,A3581,SPLUS,SPLUS-n17s43,14:07:45,-21:34:50,211.9375,-21.58055556,2000,1,ToBeDef,ToBeDef,0,-5,0,False 
237,A3581,SPLUS,SPLUS-n17s44,14:13:33,-21:34:50,213.3875,-21.58055556,2000,4,ToBeDef,6,0,-5,0,False 
238,A3581,SPLUS,SPLUS-n17s45,14:19:21,-21:34:50,214.8375,-21.58055556,2000,6,ToBeDef,ToBeDef,0,-5,0,False 
239,A3581,SPLUS,SPLUS-n17s46,14:25:10,-21:34:50,216.2916667,-21.58055556,2000,1,ToBeDef,ToBeDef,0,-5,0,False 
240,A3581,SPLUS,SPLUS-n17s47,14:30:58,-21:34:50,217.7416667,-21.58055556,2000,4,ToBeDef,ToBeDef,0,-5,0,False 
241,A3581,SPLUS,SPLUS-n18s47,14:32:12,-22:55:02,218.05,-22.91722222,2000,6,ToBeDef,ToBeDef,0,-5,0,False 
242,A3581,SPLUS,SPLUS-n19s29,13:45:12,-24:15:13,206.3,-24.25361111,2000,1,-,ToBeDef,2,1,36,True 
243,A3581,SPLUS,SPLUS-n19s37,14:32:24,-24:15:13,218.1,-24.25361111,2000,6,-,TM,1,1,35,False 
244,A3581,SPLUS,SPLUS-n20s34,14:16:21,-25:35:24,214.0875,-25.59,2000,1,-,ToBeDef,2,1,36,True 
245,A3581,SPLUS,SPLUS-n20s35,14:22:18,-25:35:24,215.575,-25.59,2000,1,-,ToBeDef,2,1,36,True 
246,A3581,SPLUS,SPLUS-n20s36,14:28:15,-25:35:24,217.0625,-25.59,2000,1,-,ToBeDef,3,1,36,False 
247,A3581,SPLUS,SPLUS-n20s37,14:34:12,-25:35:24,218.55,-25.59,2000,1,-,ToBeDef,1,1,36,False 
248,A3716,SPLUS,SPLUS-s38s39,21:08:11,-49:16:05,317.0458333,-49.26805556,2000,1,-,ToBeDef,3,1,36,False 
249,A3716,SPLUS,SPLUS-s40s36,21:06:30,-51:51:12,316.625,-51.85333333,2000,6,-,ToBeDef,2,1,34,False 
250,A3716,SPLUS,SPLUS-s41s35,21:02:13,-53:08:28,315.5541667,-53.14111111,2000,4,-,ToBeDef,1,1,36,False 
251,A3716,SPLUS,SPLUS-s43s33,21:00:00,-55:42:27,315.0,-55.7075,2000,1,-,ToBeDef,2,1,36,False 
252,A3809,SPLUS,SPLUS-s33s48,21:41:07,-42:45:30,325.2791667,-42.75833333,2000,6,-,galaxies,6,1,33,False 
253,A3809,SPLUS,SPLUS-s33s49,21:48:26,-42:45:30,327.1083333,-42.75833333,2000,1,-,ToBeDef,4,1,36,False 
254,A3809,SPLUS,SPLUS-s33s50,21:55:44,-42:45:30,328.9333333,-42.75833333,2000,6,-,ToBeDef,1,1,35,False 
255,A3809,SPLUS,SPLUS-s34s47,21:38:14,-44:03:55,324.5583333,-44.06527778,2000,6,-,galaxies,4,1,35,False 
256,A3809,SPLUS,SPLUS-s34s48,21:45:42,-44:03:55,326.425,-44.06527778,2000,6,-,ToBeDef,2,1,35,False 
257,A3809,SPLUS,SPLUS-s34s49,21:53:10,-44:03:55,328.2916667,-44.06527778,2000,1,-,ToBeDef,1,1,36,False 
258,A3809,SPLUS,SPLUS-s35s46,21:42:51,-45:22:11,325.7125,-45.36972222,2000,1,-,galaxies,5,1,36,False 
259,A3809,SPLUS,SPLUS-s35s47,21:50:29,-45:22:11,327.6208333,-45.36972222,2000,1,-,galaxy 
260,A4038,SPLUS,SPLUS-s18s47,23:30:44,-22:55:02,352.6833333,-22.91722222,2000,1,U 
261,A4038,SPLUS,SPLUS-s18s50,23:48:18,-22:55:02,357.075,-22.91722222,2000,1,ToBeDef,ToBeDef,0,-5,0,False 
262,A4038,SPLUS,SPLUS-s18s51,23:54:09,-22:55:02,358.5375,-22.91722222,2000,6,ToBeDef,ToBeDef,0,-5,0,False 
263,A4038,SPLUS,SPLUS-s19s49,23:42:13,-24:15:08,355.5541667,-24.25222222,2000,6,ToBeDef,ToBeDef,0,-5,0,False 
264,A4038,SPLUS,SPLUS-s19s50,23:48:09,-24:15:08,357.0375,-24.25222222,2000,6,ToBeDef,ToBeDef,0,-5,0,False 
265,A4038,SPLUS,SPLUS-s19s51,23:54:04,-24:15:08,358.5166667,-24.25222222,2000,6,U F395
266,A4038,SPLUS,SPLUS-s20s46,23:24:09,-25:35:07,351.0375,-25.58527778,2000,6,ToBeDef,ToBeDef,0,-5,0,False 
267,A4038,SPLUS,SPLUS-s20s47,23:30:07,-25:35:07,352.5291667,-25.58527778,2000,1,U F395
268,A4038,SPLUS,SPLUS-s20s48,23:36:06,-25:35:07,354.025,-25.58527778,2000,1,ToBeDef,ToBeDef,0,-5,0,False 
269,A4038,SPLUS,SPLUS-s20s49,23:42:04,-25:35:07,355.5166667,-25.58527778,2000,1,ToBeDef,ToBeDef,0,-5,0,False 
270,A4038,SPLUS,SPLUS-s20s50,23:48:03,-25:35:07,357.0125,-25.58527778,2000,1,-,ToBeDef,2,1,36,False 
271,A4038,SPLUS,SPLUS-s20s51,23:54:01,-25:35:07,358.5041667,-25.58527778,2000,1,ToBeDef,ToBeDef,0,-5,36,False 
272,A4038,SPLUS,SPLUS-s21s44,23:23:42,-26:55:02,350.925,-26.91722222,2000,6,-,ToBeDef,2,1,35,False 
273,A4038,SPLUS,SPLUS-s21s45,23:29:45,-26:55:02,352.4375,-26.91722222,2000,6,ToBeDef,ToBeDef,0,-5,0,False 
274,A4038,SPLUS,SPLUS-s21s46,23:35:48,-26:55:02,353.95,-26.91722222,2000,1,-,ToBeDef,1,1,36,False 
275,A4038,SPLUS,SPLUS-s21s47,23:41:51,-26:55:02,355.4625,-26.91722222,2000,6,ToBeDef,ToBeDef,0,-5,0,False 
276,A4038,SPLUS,SPLUS-s21s48,23:47:54,-26:55:02,356.975,-26.91722222,2000,1,-,ToBeDef,3,1,37,False 
277,A4038,SPLUS,SPLUS-s21s49,23:53:57,-26:55:02,358.4875,-26.91722222,2000,1,-,ToBeDef,1,1,36,False 
278,A4038,SPLUS,SPLUS-s22s45,23:29:22,-28:14:50,352.3416667,-28.24722222,2000,6,-,flag 
279,A4038,SPLUS,SPLUS-s22s46,23:35:29,-28:14:50,353.8708333,-28.24722222,2000,6,-,ToBeDef,2,1,35,False 
280,A4038,SPLUS,SPLUS-s22s47,23:41:37,-28:14:50,355.4041667,-28.24722222,2000,1,-,ToBeDef,1,1,36,False 
281,A4038,SPLUS,SPLUS-s22s48,23:47:45,-28:14:50,356.9375,-28.24722222,2000,1,ToBeDef,ToBeDef,0,-5,0,False 
282,A4038,SPLUS,SPLUS-s22s49,23:53:52,-28:14:50,358.4666667,-28.24722222,2000,1,-,galaxies,4,1,36,False 
283,A4038,SPLUS,SPLUS-s25s72,23:28:08,-32:13:38,352.0333333,-32.22722222,2000,6,-,ToBeDef,2,1,32,False 
284,A4038,SPLUS,SPLUS-s25s73,23:34:31,-32:13:38,353.6291667,-32.22722222,2000,6,-,ToBeDef,1,1,35,False 
285,A4038,SPLUS,SPLUS-s25s74,23:40:53,-32:13:38,355.2208333,-32.22722222,2000,6,-,ToBeDef,4,1,34,False 
286,A4038,SPLUS,SPLUS-s25s75,23:47:15,-32:13:38,356.8125,-32.22722222,2000,1,-,ToBeDef,3,1,36,False 
287,A4038,SPLUS,SPLUS-s25s76,23:53:38,-32:13:38,358.4083333,-32.22722222,2000,5,-,F861 var
288,A4038,SPLUS,SPLUS-s26s70,23:27:43,-33:33:01,351.9291667,-33.55027778,2000,1,ToBeDef,ToBeDef,0,-5,0,False 
289,A4038,SPLUS,SPLUS-s26s71,23:34:10,-33:33:01,353.5416667,-33.55027778,2000,6,ToBeDef,ToBeDef,0,-5,0,False 
290,A4038,SPLUS,SPLUS-s26s72,23:40:38,-33:33:01,355.1583333,-33.55027778,2000,6,ToBeDef,ToBeDef,0,-5,0,False 
291,A4038,SPLUS,SPLUS-s26s73,23:47:05,-33:33:01,356.7708333,-33.55027778,2000,6,-,ToBeDef,2,1,33,False 
292,A4038,SPLUS,SPLUS-s26s74,23:53:33,-33:33:01,358.3875,-33.55027778,2000,6,-,ToBeDef,3,1,34,False 
293,A4059,SPLUS,SPLUS-s24s74,23:41:08,-30:54:08,355.2833333,-30.90222222,2000,1,-,galaxies,4,1,36,True 
294,A4059,SPLUS,SPLUS-s24s75,23:47:25,-30:54:08,356.8541667,-30.90222222,2000,1,-,galaxies,6,1,36,True 
295,A4059,SPLUS,SPLUS-s24s76,23:53:43,-30:54:08,358.4291667,-30.90222222,2000,1,-,ToBeDef,4,1,36,True 
296,A4059,SPLUS,SPLUS-s27s72,23:46:51,-34:52:18,356.7125,-34.87166667,2000,2,-,ToBeDef,3,1,72,False 
297,A4059,SPLUS,SPLUS-s27s73,23:53:25,-34:52:18,358.3541667,-34.87166667,2000,1,-,galaxy 
298,A4059,SPLUS,SPLUS-s28s72,23:46:40,-36:11:28,356.6666667,-36.19111111,2000,6,-,galaxy 
299,A4059,SPLUS,SPLUS-s28s73,23:53:20,-36:11:28,358.3333333,-36.19111111,2000,6,-,ToBeDef,1,1,34,False 
300,A4059,SPLUS,SPLUS-s29s71,23:53:12,-37:30:31,358.3,-37.50861111,2000,6,-,ToBeDef,1,1,35,False 
301,AM2002,SPLUS,SPLUS-s24s30,3:02:21,-30:54:08,45.5875,-30.90222222,2000,2,-,seeing F660
302,AM2002,SPLUS,SPLUS-s25s25,2:32:55,-32:13:38,38.22916667,-32.22722222,2000,1,ToBeDef,ToBeDef,0,-5,32,False 
303,AM2002,SPLUS,SPLUS-s28s24,2:33:20,-36:11:28,38.33333333,-36.19111111,2000,6,-,ToBeDef,4,1,35,False 
304,AM2002,SPLUS,SPLUS-s28s25,2:40:00,-36:11:28,40.0,-36.19111111,2000,1,-,ToBeDef,1,1,36,False 
305,AM2002,SPLUS,SPLUS-s28s26,2:46:40,-36:11:28,41.66666667,-36.19111111,2000,1,-,ToBeDef,1,1,36,False 
306,AM2002,SPLUS,SPLUS-s28s27,2:53:20,-36:11:28,43.33333333,-36.19111111,2000,1,-,ToBeDef,2,1,36,False 
307,Antlia,HYDRA_D,HYDRA_D_0001,10:33:25,-34:38:06,158.3541667,-34.635,2000,1,UN,UN,UN,1,108,True 
308,Antlia,HYDRA_D,HYDRA_D_0002,10:26:43,-34:37:55,156.6791667,-34.63194444,2000,1,UN,UN,UN,1,36,True 
309,Antlia,HYDRA_D,HYDRA_D_0003,10:33:28,-36:00:19,158.3666667,-36.00527778,2000,1,UN,UN,UN,1,107,True 
310,Antlia,HYDRA_D,HYDRA_D_0004,10:26:40,-36:00:29,156.6666667,-36.00805556,2000,1,UN,UN,UN,1,71,True 
311,Antlia,HYDRA,HYDRA_0040,10:05:19,-28:04:38,151.3291667,-28.07722222,2000,1,UN,UN,UN,1,72,True 
312,Antlia,HYDRA,HYDRA_0041,10:11:41,-28:04:38,152.9208333,-28.07722222,2000,1,UN,UN,UN,1,36,True 
313,Antlia,HYDRA,HYDRA_0042,10:18:03,-28:04:38,154.5125,-28.07722222,2000,1,UN,UN,UN,1,36,True 
314,Antlia,HYDRA,HYDRA_0043,10:24:25,-28:04:38,156.1041667,-28.07722222,2000,1,UN,UN,UN,1,67,True 
315,Antlia,HYDRA,HYDRA_0044,10:30:48,-28:04:38,157.7,-28.07722222,2000,1,UN,UN,UN,1,36,True 
316,Antlia,HYDRA,HYDRA_0045,10:37:10,-28:04:38,159.2916667,-28.07722222,2000,1,UN,UN,UN,1,67,True 
317,Antlia,HYDRA,HYDRA_0046,10:43:32,-28:04:38,160.8833333,-28.07722222,2000,1,UN,UN,UN,1,36,True 
318,Antlia,HYDRA,HYDRA_0047,10:49:55,-28:04:38,162.4791667,-28.07722222,2000,1,UN,UN,UN,1,36,True 
319,Antlia,HYDRA,HYDRA_0048,10:56:17,-28:04:38,164.0708333,-28.07722222,2000,1,UN,UN,UN,1,36,True 
320,Antlia,HYDRA,HYDRA_0049,10:00:32,-29:27:47,150.1333333,-29.46305556,2000,1,UN,UN,UN,1,35,True 
321,Antlia,HYDRA,HYDRA_0050,10:07:00,-29:27:47,151.75,-29.46305556,2000,1,UN,UN,UN,1,36,True 
322,Antlia,HYDRA,HYDRA_0051,10:13:27,-29:27:47,153.3625,-29.46305556,2000,1,UN,UN,UN,1,41,True 
323,Antlia,HYDRA,HYDRA_0052,10:19:55,-29:27:47,154.9791667,-29.46305556,2000,1,UN,UN,UN,1,36,True 
324,Antlia,HYDRA,HYDRA_0053,10:26:22,-29:27:47,156.5916667,-29.46305556,2000,1,UN,UN,UN,1,72,True 
325,Antlia,HYDRA,HYDRA_0054,10:32:50,-29:27:47,158.2083333,-29.46305556,2000,1,UN,UN,UN,1,108,True 
326,Antlia,HYDRA,HYDRA_0055,10:39:17,-29:27:47,159.8208333,-29.46305556,2000,1,UN,UN,UN,1,74,True 
327,Antlia,HYDRA,HYDRA_0056,10:45:44,-29:27:47,161.4333333,-29.46305556,2000,1,UN,UN,UN,1,72,True 
328,Antlia,HYDRA,HYDRA_0057,10:52:12,-29:27:47,163.05,-29.46305556,2000,1,UN,UN,UN,1,121,True 
329,Antlia,HYDRA,HYDRA_0058,10:58:39,-29:27:47,164.6625,-29.46305556,2000,1,UN,UN,UN,1,96,True 
330,Antlia,HYDRA,HYDRA_0059,10:02:11,-30:50:50,150.5458333,-30.84722222,2000,1,UN,UN,UN,1,36,True 
331,Antlia,HYDRA,HYDRA_0060,10:08:44,-30:50:50,152.1833333,-30.84722222,2000,1,UN,UN,UN,1,36,True 
332,Antlia,HYDRA,HYDRA_0061,10:15:16,-30:50:50,153.8166667,-30.84722222,2000,1,UN,UN,UN,1,36,True 
333,Antlia,HYDRA,HYDRA_0062,10:21:49,-30:50:50,155.4541667,-30.84722222,2000,1,UN,UN,UN,1,45,True 
334,Antlia,HYDRA,HYDRA_0063,10:28:22,-30:50:50,157.0916667,-30.84722222,2000,1,UN,UN,UN,1,105,True 
335,Antlia,HYDRA,HYDRA_0064,10:34:55,-30:50:50,158.7291667,-30.84722222,2000,1,UN,UN,UN,1,36,True 
336,Antlia,HYDRA,HYDRA_0065,10:41:27,-30:50:50,160.3625,-30.84722222,2000,1,UN,UN,UN,1,45,True 
337,Antlia,HYDRA,HYDRA_0066,10:48:00,-30:50:50,162.0,-30.84722222,2000,1,UN,UN,UN,1,36,True 
338,Antlia,HYDRA,HYDRA_0067,10:54:33,-30:50:50,163.6375,-30.84722222,2000,1,UN,UN,UN,1,83,True 
339,Antlia,HYDRA,HYDRA_0068,10:03:52,-32:13:45,150.9666667,-32.22916667,2000,1,UN,UN,UN,1,36,True 
340,Antlia,HYDRA,HYDRA_0069,10:10:30,-32:13:45,152.625,-32.22916667,2000,1,UN,UN,UN,1,36,True 
341,Antlia,HYDRA,HYDRA_0070,10:17:09,-32:13:45,154.2875,-32.22916667,2000,1,UN,UN,UN,1,36,True 
342,Antlia,HYDRA,HYDRA_0071,10:23:47,-32:13:45,155.9458333,-32.22916667,2000,1,UN,UN,UN,1,36,True 
343,Antlia,HYDRA,HYDRA_0072,10:30:25,-32:13:45,157.6041667,-32.22916667,2000,1,UN,UN,UN,1,36,True 
344,Antlia,HYDRA,HYDRA_0073,10:37:03,-32:13:45,159.2625,-32.22916667,2000,1,UN,UN,UN,1,36,True 
345,Antlia,HYDRA,HYDRA_0074,10:43:41,-32:13:45,160.9208333,-32.22916667,2000,1,UN,UN,UN,1,36,True 
346,Antlia,HYDRA,HYDRA_0075,10:50:19,-32:13:45,162.5791667,-32.22916667,2000,1,UN,UN,UN,1,51,True 
347,Antlia,HYDRA,HYDRA_0076,10:56:58,-32:13:45,164.2416667,-32.22916667,2000,1,UN,UN,UN,1,36,True 
348,Antlia,HYDRA,HYDRA_0077,10:01:41,-33:36:33,150.4208333,-33.60916667,2000,1,UN,UN,UN,1,36,True 
349,Antlia,HYDRA,HYDRA_0078,10:08:27,-33:36:33,152.1125,-33.60916667,2000,1,UN,UN,UN,1,36,True 
350,Antlia,HYDRA,HYDRA_0079,10:15:13,-33:36:33,153.8041667,-33.60916667,2000,1,UN,UN,UN,1,36,True 
351,Antlia,HYDRA,HYDRA_0080,10:21:58,-33:36:33,155.4916667,-33.60916667,2000,1,UN,UN,UN,1,36,True 
352,Antlia,HYDRA,HYDRA_0081,10:28:44,-33:36:33,157.1833333,-33.60916667,2000,1,UN,UN,UN,1,36,True 
353,Antlia,HYDRA,HYDRA_0082,10:35:30,-33:36:33,158.875,-33.60916667,2000,1,UN,UN,UN,1,36,True 
354,Antlia,HYDRA,HYDRA_0083,10:42:15,-33:36:33,160.5625,-33.60916667,2000,1,UN,UN,UN,1,36,True 
355,Antlia,HYDRA,HYDRA_0084,10:49:01,-33:36:33,162.2541667,-33.60916667,2000,1,UN,UN,UN,1,36,True 
356,Antlia,HYDRA,HYDRA_0085,10:55:46,-33:36:33,163.9416667,-33.60916667,2000,1,UN,UN,UN,1,37,True 
357,Antlia,HYDRA,HYDRA_0086,10:03:26,-34:59:12,150.8583333,-34.98666667,2000,1,UN,UN,UN,1,36,True 
358,Antlia,HYDRA,HYDRA_0087,10:10:17,-34:59:12,152.5708333,-34.98666667,2000,1,UN,UN,UN,1,36,True 
359,Antlia,HYDRA,HYDRA_0088,10:17:09,-34:59:12,154.2875,-34.98666667,2000,1,UN,UN,UN,1,36,True 
360,Antlia,HYDRA,HYDRA_0089,10:24:00,-34:59:12,156.0,-34.98666667,2000,1,UN,UN,UN,1,36,True 
361,Antlia,HYDRA,HYDRA_0091,10:37:43,-34:59:12,159.4291667,-34.98666667,2000,1,UN,UN,UN,1,36,True 
362,Antlia,HYDRA,HYDRA_0092,10:44:34,-34:59:12,161.1416667,-34.98666667,2000,1,UN,UN,UN,1,36,True 
363,Antlia,HYDRA,HYDRA_0093,10:51:26,-34:59:12,162.8583333,-34.98666667,2000,1,UN,UN,UN,1,36,True 
364,Antlia,HYDRA,HYDRA_0094,10:58:17,-34:59:12,164.5708333,-34.98666667,2000,1,UN,UN,UN,1,36,True 
365,Antlia,HYDRA,HYDRA_0095,10:05:13,-36:21:45,151.3041667,-36.3625,2000,1,UN,UN,UN,1,36,True 
366,Antlia,HYDRA,HYDRA_0096,10:12:10,-36:21:45,153.0416667,-36.3625,2000,1,UN,UN,UN,1,36,True 
367,Antlia,HYDRA,HYDRA_0097,10:19:08,-36:21:45,154.7833333,-36.3625,2000,1,UN,UN,UN,1,36,True 
368,Antlia,HYDRA,HYDRA_0098,10:26:05,-36:21:45,156.5208333,-36.3625,2000,1,UN,UN,UN,1,36,True 
369,Antlia,HYDRA,HYDRA_0099,10:33:03,-36:21:45,158.2625,-36.3625,2000,1,UN,UN,UN,1,36,True 
370,Antlia,HYDRA,HYDRA_0100,10:40:00,-36:21:45,160.0,-36.3625,2000,1,UN,UN,UN,1,36,True 
371,Antlia,HYDRA,HYDRA_0101,10:46:57,-36:21:45,161.7375,-36.3625,2000,1,UN,UN,UN,1,36,True 
372,Antlia,HYDRA,HYDRA_0102,10:53:55,-36:21:45,163.4791667,-36.3625,2000,1,UN,UN,UN,1,36,True 
373,Antlia,HYDRA,HYDRA_0103,10:02:57,-37:44:10,150.7375,-37.73611111,2000,1,UN,UN,UN,1,36,True 
374,Antlia,HYDRA,HYDRA_0104,10:10:03,-37:44:10,152.5125,-37.73611111,2000,1,UN,UN,UN,1,42,True 
375,Antlia,HYDRA,HYDRA_0105,10:17:09,-37:44:10,154.2875,-37.73611111,2000,1,UN,UN,UN,1,36,True 
376,Antlia,HYDRA,HYDRA_0106,10:24:14,-37:44:10,156.0583333,-37.73611111,2000,1,UN,UN,UN,1,36,True 
377,Antlia,HYDRA,HYDRA_0107,10:31:20,-37:44:10,157.8333333,-37.73611111,2000,1,UN,UN,UN,1,36,True 
378,Antlia,HYDRA,HYDRA_0108,10:38:25,-37:44:10,159.6041667,-37.73611111,2000,1,UN,UN,UN,1,36,True 
379,Antlia,HYDRA,HYDRA_0109,10:45:31,-37:44:10,161.3791667,-37.73611111,2000,1,UN,UN,UN,1,36,True 
380,Antlia,HYDRA,HYDRA_0110,10:52:37,-37:44:10,163.1541667,-37.73611111,2000,1,UN,UN,UN,1,36,True 
381,Antlia,HYDRA,HYDRA_0111,10:59:42,-37:44:10,164.925,-37.73611111,2000,1,UN,UN,UN,1,34,True 
382,Antlia,HYDRA,HYDRA_0112,10:00:36,-39:06:26,150.15,-39.10722222,2000,1,UN,UN,UN,1,36,True 
383,Antlia,HYDRA,HYDRA_0113,10:07:50,-39:06:26,151.9583333,-39.10722222,2000,1,UN,UN,UN,1,36,True 
384,Antlia,HYDRA,HYDRA_0114,10:15:05,-39:06:26,153.7708333,-39.10722222,2000,1,UN,UN,UN,1,36,True 
385,Antlia,HYDRA,HYDRA_0115,10:22:19,-39:06:26,155.5791667,-39.10722222,2000,1,UN,UN,UN,1,36,True 
386,Antlia,HYDRA,HYDRA_0116,10:29:33,-39:06:26,157.3875,-39.10722222,2000,1,UN,UN,UN,1,36,True 
387,Antlia,HYDRA,HYDRA_0117,10:36:47,-39:06:26,159.1958333,-39.10722222,2000,1,F660 F861
388,Antlia,HYDRA,HYDRA_0118,10:44:01,-39:06:26,161.0041667,-39.10722222,2000,1,UN,UN,UN,1,36,True 
389,Antlia,HYDRA,HYDRA_0119,10:51:15,-39:06:26,162.8125,-39.10722222,2000,1,UN,UN,UN,1,36,True 
390,Antlia,HYDRA,HYDRA_0120,10:58:30,-39:06:26,164.625,-39.10722222,2000,1,UN,UN,UN,1,34,True 
391,Antlia,HYDRA,HYDRA_0121,10:05:32,-40:28:34,151.3833333,-40.47611111,2000,1,UN,UN,UN,1,36,True 
392,Antlia,HYDRA,HYDRA_0122,10:12:55,-40:28:34,153.2291667,-40.47611111,2000,1,UN,UN,UN,1,36,True 
393,Antlia,HYDRA,HYDRA_0123,10:20:18,-40:28:34,155.075,-40.47611111,2000,1,UN,UN,UN,1,36,True 
394,Antlia,HYDRA,HYDRA_0124,10:27:42,-40:28:34,156.925,-40.47611111,2000,1,UN,UN,UN,1,36,True 
395,Antlia,HYDRA,HYDRA_0125,10:35:05,-40:28:34,158.7708333,-40.47611111,2000,1,UN,UN,UN,1,36,True 
396,Antlia,HYDRA,HYDRA_0126,10:42:28,-40:28:34,160.6166667,-40.47611111,2000,1,UN,UN,UN,1,36,True 
397,Antlia,HYDRA,HYDRA_0127,10:49:51,-40:28:34,162.4625,-40.47611111,2000,1,UN,UN,UN,1,36,True 
398,Antlia,HYDRA,HYDRA_0128,10:57:14,-40:28:34,164.3083333,-40.47611111,2000,1,UN,UN,UN,1,36,True 
399,Antlia,HYDRA,HYDRA_0129,10:03:08,-41:50:32,150.7833333,-41.84222222,2000,1,UN,UN,UN,1,36,True 
400,Antlia,HYDRA,HYDRA_0130,10:10:41,-41:50:32,152.6708333,-41.84222222,2000,1,UN,UN,UN,1,36,True 
401,Antlia,HYDRA,HYDRA_0131,10:18:13,-41:50:32,154.5541667,-41.84222222,2000,1,UN,UN,UN,1,36,True 
402,Antlia,HYDRA,HYDRA_0132,10:25:46,-41:50:32,156.4416667,-41.84222222,2000,1,UN,UN,UN,1,47,True 
403,Antlia,HYDRA,HYDRA_0133,10:33:18,-41:50:32,158.325,-41.84222222,2000,1,UN,UN,UN,1,36,True 
404,Antlia,HYDRA,HYDRA_0134,10:40:50,-41:50:32,160.2083333,-41.84222222,2000,1,UN,UN,UN,1,36,True 
405,Antlia,HYDRA,HYDRA_0135,10:48:23,-41:50:32,162.0958333,-41.84222222,2000,1,UN,UN,UN,1,36,True 
406,Antlia,HYDRA,HYDRA_0136,10:55:55,-41:50:32,163.9791667,-41.84222222,2000,1,ToBeDef,ToBeDef,0,1,36,True 
407,Antlia,HYDRA,HYDRA_0137,10:00:39,-43:12:21,150.1625,-43.20583333,2000,1,UN,UN,UN,1,36,True 
408,Antlia,HYDRA,HYDRA_0138,10:08:21,-43:12:21,152.0875,-43.20583333,2000,1,UN,UN,UN,1,36,True 
409,Antlia,HYDRA,HYDRA_0139,10:16:03,-43:12:21,154.0125,-43.20583333,2000,1,UN,UN,UN,1,36,True 
410,Antlia,HYDRA,HYDRA_0140,10:23:45,-43:12:21,155.9375,-43.20583333,2000,1,UN,UN,UN,1,43,True 
411,Antlia,HYDRA,HYDRA_0141,10:31:27,-43:12:21,157.8625,-43.20583333,2000,1,UN,UN,UN,1,36,True 
412,Antlia,HYDRA,HYDRA_0142,10:39:09,-43:12:21,159.7875,-43.20583333,2000,1,UN,UN,UN,1,36,True 
413,Antlia,HYDRA,HYDRA_0143,10:46:51,-43:12:21,161.7125,-43.20583333,2000,1,UN,UN,UN,1,36,True 
414,Antlia,HYDRA,HYDRA_0144,10:54:33,-43:12:21,163.6375,-43.20583333,2000,1,UN,UN,UN,1,36,True 
415,Fornax,SPLUS,SPLUS-s24s28,2:49:47,-30:54:08,42.44583333,-30.90222222,2000,1,-,galaxy 
416,Fornax,SPLUS,SPLUS-s24s29,2:56:04,-30:54:08,44.01666667,-30.90222222,2000,1,-,galaxies,5,1,36,True 
417,Fornax,SPLUS,SPLUS-s24s31,3:08:39,-30:54:08,47.1625,-30.90222222,2000,1,-,ToBeDef,3,1,36,True 
418,Fornax,SPLUS,SPLUS-s24s39,3:58:57,-30:54:08,59.7375,-30.90222222,2000,1,-,galaxy 
419,Fornax,SPLUS,SPLUS-s24s40,4:05:14,-30:54:08,61.30833333,-30.90222222,2000,1,-,ToBeDef,2,1,50,True 
420,Fornax,SPLUS,SPLUS-s24s41,4:11:32,-30:54:08,62.88333333,-30.90222222,2000,1,-,ToBeDef,1,1,56,True 
421,Fornax,SPLUS,SPLUS-s25s28,2:52:02,-32:13:38,43.00833333,-32.22722222,2000,1,-,ToBeDef,2,1,36,True 
422,Fornax,SPLUS,SPLUS-s25s29,2:58:24,-32:13:38,44.6,-32.22722222,2000,1,-,,4,1,36,True 
423,Fornax,SPLUS,SPLUS-s25s30,3:04:47,-32:13:38,46.19583333,-32.22722222,2000,1,-,ToBeDef,3,1,35,True 
424,Fornax,SPLUS,SPLUS-s25s39,4:02:07,-32:13:38,60.52916667,-32.22722222,2000,1,-,ToBeDef,2,1,36,True 
425,Fornax,SPLUS,SPLUS-s25s40,4:08:30,-32:13:38,62.125,-32.22722222,2000,1,-,ToBeDef,2,1,36,True 
426,Fornax,SPLUS,SPLUS-s25s42,4:21:14,-32:13:38,65.30833333,-32.22722222,2000,6,U F395
427,Fornax,SPLUS,SPLUS-s26s28,2:54:21,-33:33:01,43.5875,-33.55027778,2000,1,-,galaxies,4,1,36,True 
428,Fornax,SPLUS,SPLUS-s26s29,3:00:48,-33:33:01,45.2,-33.55027778,2000,1,-,ToBeDef,2,1,36,True 
429,Fornax,SPLUS,SPLUS-s26s30,3:07:16,-33:33:01,46.81666667,-33.55027778,2000,1,-,ToBeDef,3,1,36,True 
430,Fornax,SPLUS,SPLUS-s27s27,2:50:58,-34:52:18,42.74166667,-34.87166667,2000,1,-,ToBeDef,2,1,34,True 
431,Fornax,SPLUS,SPLUS-s27s28,2:57:32,-34:52:18,44.38333333,-34.87166667,2000,1,-,galaxy 
432,Fornax,SPLUS,SPLUS-s27s29,3:04:07,-34:52:18,46.02916667,-34.87166667,2000,1,-,ToBeDef,1,1,36,True 
433,Fornax,SPLUS,SPLUS-s28s28,3:00:00,-36:11:28,45.0,-36.19111111,2000,1,-,galaxies,5,1,34,True 
434,Fornax,SPLUS,SPLUS-s28s29,3:06:40,-36:11:28,46.66666667,-36.19111111,2000,1,-,galaxy 
435,Fornax,SPLUS,SPLUS-s29s26,2:49:49,-37:30:31,42.45416667,-37.50861111,2000,1,-,ToBeDef,1,1,36,False 
436,Fornax,SPLUS,SPLUS-s29s27,2:56:36,-37:30:31,44.15,-37.50861111,2000,1,-,ToBeDef,3,1,36,False 
437,Fornax,SPLUS,SPLUS-s30s26,2:52:15,-38:49:26,43.0625,-38.82388889,2000,1,-,ToBeDef,3,1,36,False 
438,Fornax,SPLUS,SPLUS-s30s27,2:59:08,-38:49:26,44.78333333,-38.82388889,2000,1,-,ToBeDef,2,1,36,False 
439,Fornax,SPLUS,SPLUS-s31s26,2:55:37,-40:08:16,43.90416667,-40.13777778,2000,1,-,ToBeDef,3,1,70,False 
440,Fornax,SPLUS,SPLUS-s31s27,3:02:38,-40:08:16,45.65833333,-40.13777778,2000,6,-,ToBeDef,1,1,51,False 
441,Fornax,SPLUS,SPLUS-s32s25,2:51:56,-41:26:57,42.98333333,-41.44916667,2000,1,-,ToBeDef,1,1,36,False 
442,Fornax,SPLUS,SPLUS-s32s26,2:59:06,-41:26:57,44.775,-41.44916667,2000,1,-,ToBeDef,1,1,36,False 
443,Fornax,SPLUS,SPLUS-s32s27,3:06:16,-41:26:57,46.56666667,-41.44916667,2000,1,-,ToBeDef,4,1,36,False 
444,Fornax,SPLUS,SPLUS-s33s25,2:55:26,-42:45:30,43.85833333,-42.75833333,2000,1,-,ToBeDef,1,1,36,False 
445,Fornax,SPLUS,SPLUS-s33s26,3:02:44,-42:45:30,45.68333333,-42.75833333,2000,1,-,ToBeDef,2,1,36,False 
446,Fornax,SPLUS,SPLUS-s33s27,3:10:03,-42:45:30,47.5125,-42.75833333,2000,1,-,ToBeDef,1,1,36,False 
447,Fornax,SPLUS,SPLUS-s33s28,3:17:22,-42:45:30,49.34166667,-42.75833333,2000,1,-,ToBeDef,2,1,36,False 
448,Fornax,SPLUS,SPLUS-s34s24,2:51:36,-44:03:55,42.9,-44.06527778,2000,1,-,ToBeDef,1,1,36,False 
449,Fornax,SPLUS,SPLUS-s34s25,2:59:04,-44:03:55,44.76666667,-44.06527778,2000,1,-,ToBeDef,1,1,36,False 
450,Fornax,SPLUS,SPLUS-s34s26,3:06:32,-44:03:55,46.63333333,-44.06527778,2000,6,-,ToBeDef,1,1,35,False 
451,Fornax,SPLUS,SPLUS-s34s27,3:13:59,-44:03:55,48.49583333,-44.06527778,2000,1,-,ToBeDef,1,1,36,False 
452,Fornax,SPLUS,SPLUS-s35s24,2:55:14,-45:22:11,43.80833333,-45.36972222,2000,1,-,ToBeDef,1,1,36,False 
453,Fornax,SPLUS,SPLUS-s35s25,3:02:51,-45:22:11,45.7125,-45.36972222,2000,1,-,ToBeDef,3,1,36,False 
454,Fornax,SPLUS,SPLUS-s35s26,3:10:29,-45:22:11,47.62083333,-45.36972222,2000,1,-,ToBeDef,1,1,36,False 
455,Fornax,SPLUS,SPLUS-s35s27,3:18:06,-45:22:11,49.525,-45.36972222,2000,1,-,ToBeDef,3,1,64,False 
456,Fornax,SPLUS,SPLUS-s36s23,2:52:10,-46:40:19,43.04166667,-46.67194444,2000,1,ToBeDef,ToBeDef,0,-5,0,False 
457,Fornax,SPLUS,SPLUS-s36s24,3:00:00,-46:40:19,45.0,-46.67194444,2000,1,-,ToBeDef,3,1,36,False 
458,Fornax,SPLUS,SPLUS-s36s25,3:07:50,-46:40:19,46.95833333,-46.67194444,2000,1,-,ToBeDef,3,1,36,False 
459,Fornax,SPLUS,SPLUS-s36s26,3:15:39,-46:40:19,48.9125,-46.67194444,2000,6,-,ToBeDef,1,1,35,False 
460,Fornax,SPLUS,SPLUS-s36s27,3:23:29,-46:40:19,50.87083333,-46.67194444,2000,1,-,ToBeDef,1,1,36,False 
461,Hydra,HYDRA,HYDRA_0011,10:03:05,-23:54:31,150.7708333,-23.90861111,2000,1,UN,UN,UN,1,36,True 
462,Hydra,HYDRA,HYDRA_0012,10:09:14,-23:54:31,152.3083333,-23.90861111,2000,1,UN,UN,UN,1,36,True 
463,Hydra,HYDRA,HYDRA_0013,10:15:23,-23:54:31,153.8458333,-23.90861111,2000,1,UN,UN,UN,1,36,True 
464,Hydra,HYDRA,HYDRA_0014,10:21:32,-23:54:31,155.3833333,-23.90861111,2000,1,UN,UN,UN,1,36,True 
465,Hydra,HYDRA,HYDRA_0015,10:27:42,-23:54:31,156.925,-23.90861111,2000,1,UN,UN,UN,1,36,True 
466,Hydra,HYDRA,HYDRA_0016,10:33:51,-23:54:31,158.4625,-23.90861111,2000,1,UN,UN,UN,1,36,True 
467,Hydra,HYDRA,HYDRA_0017,10:40:00,-23:54:31,160.0,-23.90861111,2000,1,UN,UN,UN,1,36,True 
468,Hydra,HYDRA,HYDRA_0018,10:46:09,-23:54:31,161.5375,-23.90861111,2000,1,UN,UN,UN,1,36,True 
469,Hydra,HYDRA,HYDRA_0019,10:52:18,-23:54:31,163.075,-23.90861111,2000,1,UN,UN,UN,1,36,True 
470,Hydra,HYDRA,HYDRA_0020,10:58:28,-23:54:31,164.6166667,-23.90861111,2000,6,ToBeDef,ToBeDef,0,1,35,True 
471,Hydra,HYDRA,HYDRA_0021,10:04:41,-25:18:01,151.1708333,-25.30027778,2000,1,UN,UN,UN,1,36,True 
472,Hydra,HYDRA,HYDRA_0022,10:10:55,-25:18:01,152.7291667,-25.30027778,2000,1,UN,UN,UN,1,36,True 
473,Hydra,HYDRA,HYDRA_0023,10:17:09,-25:18:01,154.2875,-25.30027778,2000,1,UN,UN,UN,1,36,True 
474,Hydra,HYDRA,HYDRA_0024,10:23:23,-25:18:01,155.8458333,-25.30027778,2000,1,UN,UN,UN,1,36,True 
475,Hydra,HYDRA,HYDRA_0025,10:29:37,-25:18:01,157.4041667,-25.30027778,2000,1,UN,UN,UN,1,36,True 
476,Hydra,HYDRA,HYDRA_0026,10:35:51,-25:18:01,158.9625,-25.30027778,2000,1,UN,UN,UN,1,36,True 
477,Hydra,HYDRA,HYDRA_0027,10:42:05,-25:18:01,160.5208333,-25.30027778,2000,1,UN,UN,UN,1,36,True 
478,Hydra,HYDRA,HYDRA_0028,10:48:19,-25:18:01,162.0791667,-25.30027778,2000,1,UN,UN,UN,1,36,True 
479,Hydra,HYDRA,HYDRA_0029,10:54:33,-25:18:01,163.6375,-25.30027778,2000,1,UN,UN,UN,1,36,True 
480,Hydra,HYDRA,HYDRA_0031,10:06:19,-26:41:23,151.5791667,-26.68972222,2000,1,UN,UN,UN,1,36,True 
481,Hydra,HYDRA,HYDRA_0032,10:12:38,-26:41:23,153.1583333,-26.68972222,2000,1,UN,UN,UN,1,98,True 
482,Hydra,HYDRA,HYDRA_0033,10:18:57,-26:41:23,154.7375,-26.68972222,2000,1,UN,UN,UN,1,72,True 
483,Hydra,HYDRA,HYDRA_0034,10:25:16,-26:41:23,156.3166667,-26.68972222,2000,1,UN,UN,UN,1,72,True 
484,Hydra,HYDRA,HYDRA_0035,10:31:35,-26:41:23,157.8958333,-26.68972222,2000,1,UN,UN,UN,1,36,True 
485,Hydra,HYDRA,HYDRA_0036,10:37:54,-26:41:23,159.475,-26.68972222,2000,1,-,galaxies,7,1,36,True 
486,Hydra,HYDRA,HYDRA_0037,10:44:13,-26:41:23,161.0541667,-26.68972222,2000,1,UN,UN,UN,1,36,True 
487,Hydra,HYDRA,HYDRA_0038,10:50:32,-26:41:23,162.6333333,-26.68972222,2000,1,UN,UN,UN,1,42,True 
488,Hydra,HYDRA,HYDRA_0039,10:56:51,-26:41:23,164.2125,-26.68972222,2000,1,UN,UN,UN,1,36,True 
489,IIZw108,STRIPE82,STRIPE82_0110,21:04:15,+00:42:00,316.0625,0.7,2000,1,UN,UN,UN,-99,50,True 
490,IIZw108,STRIPE82,STRIPE82_0112,21:09:55,+00:42:00,317.4791667,0.7,2000,1,UN,UN,UN,-99,36,True 
491,IIZw108,STRIPE82,STRIPE82_0114,21:15:35,+00:42:00,318.8958333,0.7,2000,1,UN,UN,UN,-99,50,True 
492,IIZw108,STRIPE82,STRIPE82_0116,21:21:16,+00:42:00,320.3166667,0.7,2000,1,UN,UN,UN,-99,50,True 
493,MKW4,SPLUS,SPLUS-n03n22,11:57:17,+02:43:01.9714,179.3208333,2.717214278,2000,1,ToBeDef,ToBeDef,0,-5,0,False 
494,MKW4,SPLUS,SPLUS-n03n23,12:02:43,+02:43:01.9714,180.6791667,2.717214278,2000,2,ToBeDef,ToBeDef,0,-5,0,False 
495,MKW4,SPLUS,SPLUS-n03n24,12:08:09,+02:43:01.9714,182.0375,2.717214278,2000,1,ToBeDef,ToBeDef,0,-5,0,False 
496,MKW8,SPLUS,SPLUS-n01s50,14:29:26,0:00:00,217.3583333,0.0,2000,6,-,ToBeDef,3,1,35,False 
497,MKW8,SPLUS,SPLUS-n01s51,14:34:52,0:00:00,218.7166667,0.0,2000,1,-,ToBeDef,1,1,36,False 
498,MKW8,SPLUS,SPLUS-n01s52,14:40:18,0:00:00,220.075,0.0,2000,1,-,galaxies,6,1,36,False 
499,MKW8,SPLUS,SPLUS-n01s53,14:45:44,0:00:00,221.4333333,0.0,2000,1,-,galaxies,4,1,36,False 
500,MKW8,SPLUS,SPLUS-n01s54,14:51:10,0:00:00,222.7916667,0.0,2000,1,-,asteroids,3,1,36,False 
501,MKW8,SPLUS,SPLUS-n01s55,14:56:36,0:00:00,224.15,0.0,2000,1,-,ToBeDef,2,1,36,False 
502,MKW8,SPLUS,SPLUS-n02n50,14:29:26,+01:21:33.4908,217.3583333,1.359303,2000,1,-,galaxies,4,1,36,False 
503,MKW8,SPLUS,SPLUS-n02n51,14:34:52,+01:21:33.4908,218.7166667,1.359303,2000,1,-,ToBeDef,2,1,36,False 
504,MKW8,SPLUS,SPLUS-n02n52,14:40:18,+01:21:33.4908,220.075,1.359303,2000,2,-,focus,1,1,36,False 
505,MKW8,SPLUS,SPLUS-n02n53,14:45:44,+01:21:33.4908,221.4333333,1.359303,2000,1,-,galaxies,7,1,36,False 
506,MKW8,SPLUS,SPLUS-n02n54,14:51:10,+01:21:33.4908,222.7916667,1.359303,2000,1,-,small movement
507,MKW8,SPLUS,SPLUS-n02n55,14:56:36,+01:21:33.4908,224.15,1.359303,2000,1,-,ToBeDef,2,1,36,False 
508,MKW8,SPLUS,SPLUS-n03n51,14:34:52,+02:43:01.9714,218.7166667,2.717214278,2000,6,ToBeDef,ToBeDef,0,-5,0,False 
509,MKW8,SPLUS,SPLUS-n03n52,14:40:18,+02:43:01.9714,220.075,2.717214278,2000,1,ToBeDef,ToBeDef,0,-5,0,False 
510,MKW8,SPLUS,SPLUS-n03n53,14:45:44,+02:43:01.9714,221.4333333,2.717214278,2000,2,ToBeDef,6,0,-5,0,False 
511,MKW8,SPLUS,SPLUS-n03n54,14:51:10,+02:43:01.9714,222.7916667,2.717214278,2000,6,ToBeDef,ToBeDef,0,-5,0,False 
512,MKW8,SPLUS,SPLUS-n03n55,14:56:36,+02:43:01.9714,224.15,2.717214278,2000,1,ToBeDef,ToBeDef,0,-5,0,False 
513,MKW8,SPLUS,SPLUS-n04n51,14:34:52,+04:04:25.4637,218.7166667,4.073739917,2000,1,ToBeDef,ToBeDef,0,-5,0,False 
514,MKW8,SPLUS,SPLUS-n04n52,14:40:18,+04:04:25.4637,220.075,4.073739917,2000,6,ToBeDef,ToBeDef,0,-5,0,False 
515,MKW8,SPLUS,SPLUS-n04n53,14:45:44,+04:04:25.4637,221.4333333,4.073739917,2000,6,ToBeDef,ToBeDef,0,-5,0,False 
516,MKW8,SPLUS,SPLUS-n04n54,14:51:10,+04:04:25.4637,222.7916667,4.073739917,2000,1,ToBeDef,ToBeDef,0,-5,0,False 
517,MKW8,SPLUS,SPLUS-n04n55,14:56:36,+04:04:25.4637,224.15,4.073739917,2000,6,ToBeDef,ToBeDef,0,-5,0,False 
518,MKW8,SPLUS,SPLUS-n05n51,14:32:44,+05:25:44.001,218.1833333,5.428889167,2000,6,ToBeDef,ToBeDef,0,-5,0,False 
519,MKW8,SPLUS,SPLUS-n05n52,14:38:11,+05:25:44.001,219.5458333,5.428889167,2000,1,ToBeDef,ToBeDef,0,-5,0,False 
520,MZ00407,SPLUS,SPLUS-s20s30,21:48:33,-25:35:07,327.1375,-25.58527778,2000,6,ToBeDef,ToBeDef,0,-5,0,False 
521,MZ00407,SPLUS,SPLUS-s20s31,21:54:31,-25:35:07,328.6291667,-25.58527778,2000,6,ToBeDef,ToBeDef,0,-5,0,False 
522,MZ00407,SPLUS,SPLUS-s21s28,21:46:53,-26:55:02,326.7208333,-26.91722222,2000,6,-,ToBeDef,2,1,35,False 
523,MZ00407,SPLUS,SPLUS-s21s29,21:52:56,-26:55:02,328.2333333,-26.91722222,2000,6,-,ToBeDef,1,1,35,False 
524,MZ00407,SPLUS,SPLUS-s21s30,21:58:59,-26:55:02,329.7458333,-26.91722222,2000,1,-,galaxies,4,1,36,False 
525,MZ00407,SPLUS,SPLUS-s22s28,21:45:11,-28:14:50,326.2958333,-28.24722222,2000,1,-,ToBeDef,1,1,36,False 
526,MZ00407,SPLUS,SPLUS-s22s29,21:51:19,-28:14:50,327.8291667,-28.24722222,2000,6,-,ToBeDef,1,1,34,False 
527,MZ00407,SPLUS,SPLUS-s22s30,21:57:27,-28:14:50,329.3625,-28.24722222,2000,1,-,ToBeDef,4,1,36,False 
528,MZ00407,SPLUS,SPLUS-s22s31,22:03:34,-28:14:50,330.8916667,-28.24722222,2000,1,-,galaxies,4,1,36,False 
529,MZ00407,SPLUS,SPLUS-s24s60,22:13:06,-30:54:08,333.275,-30.90222222,2000,1,-,ToBeDef,3,1,35,False 
530,MZ00407,SPLUS,SPLUS-s25s56,21:46:12,-32:13:38,326.55,-32.22722222,2000,4,-,ToBeDef,1,1,34,False 
531,MZ00407,SPLUS,SPLUS-s25s57,21:52:34,-32:13:38,328.1416667,-32.22722222,2000,6,-,flag 
532,MZ00407,SPLUS,SPLUS-s25s58,21:58:56,-32:13:38,329.7333333,-32.22722222,2000,2,-,galaxies,6,1,36,False 
533,MZ00407,SPLUS,SPLUS-s25s59,22:05:19,-32:13:38,331.3291667,-32.22722222,2000,1,-,galaxies,7,1,36,False 
534,MZ00407,SPLUS,SPLUS-s25s60,22:11:41,-32:13:38,332.9208333,-32.22722222,2000,6,-,ToBeDef,3,1,35,False 
3,A3389,MC,MC0009,6:09:14,-63:16:04,92.30833333,-63.26777778,2000,1,-,ToBeDef,4,1,182,True 
4,A3389,MC,MC0010,6:21:32,-63:16:04,95.38333333,-63.26777778,2000,1,-,ToBeDef,4,1,203,True 
5,A3389,MC,MC0019,6:12:51,-64:34:07,93.2125,-64.56861111,2000,1,-,ToBeDef,3,1,45,True 
6,A3389,MC,MC0020,6:25:43,-64:34:07,96.42916667,-64.56861111,2000,1,-,galaxy 
7,A3389,MC,MC0028,6:16:49,-65:51:48,94.20416667,-65.86333333,2000,1,-,ToBeDef,5,1,60,True 
9,A3389,MC,MC0036,6:21:11,-67:09:05,95.29583333,-67.15138889,2000,1,-,ToBeDef,3,1,45,True 
11,A3389,MC,MC0044,6:25:59,-68:25:56,96.49583333,-68.43222222,2000,1,-,ToBeDef,3,1,45,True 
67,A0957,SPLUS,SPLUS-n01s01,10:03:10,0:00:00,150.7916667,0.0,2000,1,-,galaxies,3,1,36,True 
77,A0957,SPLUS,SPLUS-n02n01,10:03:10,+01:21:33.4908,150.7916667,1.359303,2000,1,-,ToBeDef,2,1,36,True 
87,A0970,SPLUS,SPLUS-n07s02,10:07:45,-8:08:06,151.9375,-8.135,2000,1,-,wanderful 
88,A0970,SPLUS,SPLUS-n07s03,10:13:14,-8:08:06,153.3083333,-8.135,2000,1,-,very gals,3,1,36,True
89,A0970,SPLUS,SPLUS-n07s04,10:18:42,-8:08:06,154.675,-8.135,2000,1,-,galaxy 
91,A0970,SPLUS,SPLUS-n08s02,10:10:05,-9:29:10,152.5208333,-9.486111111,2000,1,-,very gals,4,1,36,True
92,A0970,SPLUS,SPLUS-n08s03,10:15:34,-9:29:10,153.8916667,-9.486111111,2000,2,-,nice 
93,A0970,SPLUS,SPLUS-n08s04,10:21:04,-9:29:10,155.2666667,-9.486111111,2000,6,-,ToBeDef,2,1,35,True 
95,A0970,SPLUS,SPLUS-n09s02,10:06:54,-10:50:08,151.725,-10.83555556,2000,1,-,ToBeDef,2,1,35,True 
96,A0970,SPLUS,SPLUS-n09s03,10:12:25,-10:50:08,153.1041667,-10.83555556,2000,1,-,ToBeDef,1,1,36,True 
97,A0970,SPLUS,SPLUS-n09s04,10:17:56,-10:50:08,154.4833333,-10.83555556,2000,6,-,ToBeDef,2,1,35,True 
98,A0970,SPLUS,SPLUS-n09s05,10:23:27,-10:50:08,155.8625,-10.83555556,2000,6,-,ToBeDef,1,1,35,True 
100,A0970,SPLUS,SPLUS-n10s02,10:09:14,-12:11:01,152.3083333,-12.18361111,2000,1,-,galaxies,4,1,36,True 
101,A0970,SPLUS,SPLUS-n10s03,10:14:46,-12:11:01,153.6916667,-12.18361111,2000,1,-,ToBeDef,1,1,35,True 
102,A0970,SPLUS,SPLUS-n10s04,10:20:18,-12:11:01,155.075,-12.18361111,2000,1,-,ToBeDef,1,1,34,True 
103,A0970,SPLUS,SPLUS-n10s05,10:25:51,-12:11:01,156.4625,-12.18361111,2000,4,-,ToBeDef,1,1,35,True 
104,A0970,SPLUS,SPLUS-n11s03,10:11:35,-13:31:50,152.8958333,-13.53055556,2000,1,-,nice 
105,A0970,SPLUS,SPLUS-n11s04,10:17:09,-13:31:50,154.2875,-13.53055556,2000,1,-,ToBeDef,2,1,35,True 
106,A0970,SPLUS,SPLUS-n11s05,10:22:42,-13:31:50,155.675,-13.53055556,2000,1,-,ToBeDef,2,1,35,True 
107,A0970,SPLUS,SPLUS-n11s06,10:28:16,-13:31:50,157.0666667,-13.53055556,2000,1,-,ToBeDef,1,1,36,True 
123,A1520,SPLUS,SPLUS-n11s26,12:19:28,-13:31:50,184.8666667,-13.53055556,2000,1,-,galaxies,3,1,36,True 
125,A1520,SPLUS,SPLUS-n12s24,12:14:00,-14:52:33,183.5,-14.87583333,2000,1,-,ToBeDef,2,1,36,True 
126,A1520,SPLUS,SPLUS-n12s25,12:19:37,-14:52:33,184.9041667,-14.87583333,2000,1,-,ToBeDef,1,1,36,True 
127,A1520,SPLUS,SPLUS-n12s26,12:25:13,-14:52:33,186.3041667,-14.87583333,2000,1,-,ToBeDef,1,1,36,True 
133,A1631,SPLUS,SPLUS-n10s34,13:06:28,-12:11:01,196.6166667,-12.18361111,2000,1,-,galaxies,5,1,36,True 
134,A1631,SPLUS,SPLUS-n11s29,12:36:08,-13:31:50,189.0333333,-13.53055556,2000,1,-,galaxy,3,1,36,True 
135,A1631,SPLUS,SPLUS-n11s30,12:41:42,-13:31:50,190.425,-13.53055556,2000,1,-,ToBeDef,3,1,36,True 
136,A1631,SPLUS,SPLUS-n11s31,12:47:16,-13:31:50,191.8166667,-13.53055556,2000,1,-,ToBeDef,1,1,36,True 
137,A1631,SPLUS,SPLUS-n11s32,12:52:49,-13:31:50,193.2041667,-13.53055556,2000,1,-,ToBeDef,3,1,36,True 
138,A1631,SPLUS,SPLUS-n11s33,12:58:23,-13:31:50,194.5958333,-13.53055556,2000,1,-,galaxies,galaxy 
139,A1631,SPLUS,SPLUS-n11s34,13:03:56,-13:31:50,195.9833333,-13.53055556,2000,1,-,ToBeDef,3,1,36,True 
140,A1631,SPLUS,SPLUS-n11s35,13:09:30,-13:31:50,197.375,-13.53055556,2000,1,-,ToBeDef,3,1,36,True 
141,A1631,SPLUS,SPLUS-n12s28,12:36:25,-14:52:33,189.1041667,-14.87583333,2000,2,-,ok,1,1,36,True 
142,A1631,SPLUS,SPLUS-n12s29,12:42:01,-14:52:33,190.5041667,-14.87583333,2000,4,-,very gals,3,1,36,True
148,A1631,SPLUS,SPLUS-n13s29,12:39:23,-16:13:11,189.8458333,-16.21972222,2000,1,-,ToBeDef,1,1,36,True 
243,A2734,SPLUS,SPLUS-s23s02,0:06:12,-29:34:33,1.55,-29.57583333,2000,1,-,"asteroids,galaxies",5,1,36,True 
244,A2734,SPLUS,SPLUS-s23s03,0:12:25,-29:34:33,3.104166667,-29.57583333,2000,1,-,ToBeDef,3,1,36,True 
245,A2734,SPLUS,SPLUS-s23s04,0:18:37,-29:34:33,4.654166667,-29.57583333,2000,1,-,ToBeDef,1,1,36,True 
246,A2734,SPLUS,SPLUS-s24s02,0:06:17,-30:54:08,1.570833333,-30.90222222,2000,1,-,galaxies,4,1,36,True 
247,A2734,SPLUS,SPLUS-s24s03,0:12:35,-30:54:08,3.145833333,-30.90222222,2000,2,-,ToBeDef,3,1,36,True 
248,A2734,SPLUS,SPLUS-s24s04,0:18:52,-30:54:08,4.716666667,-30.90222222,2000,2,-,seeing,2,1,36,True 
276,A3266,MC,MC0001,4:30:46,-63:16:04,67.69166667,-63.26777778,2000,1,-,very gals,5,1,93,True
277,A3266,MC,MC0002,4:43:05,-63:16:04,70.77083333,-63.26777778,2000,1,-,combine 2018,5,1,78,True
278,A3266,MC,MC0011,4:30:00,-64:34:07,67.5,-64.56861111,2000,1,-,ToBeDef,3,1,45,True 
279,A3266,MC,MC0012,4:42:51,-64:34:07,70.7125,-64.56861111,2000,1,-,ToBeDef,4,1,45,True 
280,A3266,SPLUS,SPLUS-s45s27,4:23:40,-58:15:31,65.91666667,-58.25861111,2000,1,-,ToBeDef,1,1,36,True 
281,A3266,SPLUS,SPLUS-s45s28,4:33:48,-58:15:31,68.45,-58.25861111,2000,1,-,satellite 
282,A3266,SPLUS,SPLUS-s45s29,4:43:57,-58:15:31,70.9875,-58.25861111,2000,1,-,ToBeDef,2,1,36,True 
283,A3266,SPLUS,SPLUS-s46s26,4:22:46,-59:31:40,65.69166667,-59.52777778,2000,1,-,ToBeDef,2,1,36,True 
284,A3266,SPLUS,SPLUS-s46s27,4:33:17,-59:31:40,68.32083333,-59.52777778,2000,1,-,satellite 
285,A3266,SPLUS,SPLUS-s46s28,4:43:48,-59:31:40,70.95,-59.52777778,2000,1,-,galaxies,7,1,36,True 
286,A3301,SPLUS,SPLUS-s28s45,4:53:20,-36:11:28,73.33333333,-36.19111111,2000,1,-,ToBeDef,2,1,36,True 
287,A3301,SPLUS,SPLUS-s28s46,5:00:00,-36:11:28,75.0,-36.19111111,2000,1,-,ToBeDef,3,1,36,True 
288,A3301,SPLUS,SPLUS-s29s44,4:52:05,-37:30:31,73.02083333,-37.50861111,2000,1,-,ToBeDef,1,1,36,True 
289,A3301,SPLUS,SPLUS-s29s45,4:58:52,-37:30:31,74.71666667,-37.50861111,2000,1,-,ToBeDef,2,1,36,True 
295,A3565,SPLUS,SPLUS-n18s32,13:04:23,-22:55:02,196.0958333,-22.91722222,2000,1,-,ToBeDef,1,1,35,True 
296,A3565,SPLUS,SPLUS-n18s33,13:10:15,-22:55:02,197.5625,-22.91722222,2000,1,-,galaxies,4,1,35,True 
313,A3565,SPLUS,SPLUS-n19s22,13:03:54,-24:15:13,195.975,-24.25361111,2000,1,-,ToBeDef,1,1,36,True 
314,A3565,SPLUS,SPLUS-n19s23,13:09:48,-24:15:13,197.45,-24.25361111,2000,1,-,galaxies,6,1,34,True 
332,A3565,SPLUS,SPLUS-n20s23,13:10:54,-25:35:24,197.725,-25.59,2000,6,-,ToBeDef,1,1,35,True 
334,A3565,SPLUS,SPLUS-n20s25,13:22:48,-25:35:24,200.7,-25.59,2000,1,-,ToBeDef,3,1,36,True 
394,A3716,SPLUS,SPLUS-s38s38,21:00:00,-49:16:05,315.0,-49.26805556,2000,1,-,galaxies,5,1,36,True 
396,A3716,SPLUS,SPLUS-s39s37,21:03:09,-50:33:45,315.7875,-50.5625,2000,1,-,ToBeDef,3,1,36,True 
399,A3716,SPLUS,SPLUS-s42s34,21:05:44,-54:25:34,316.4333333,-54.42611111,2000,4,-,ToBeDef,1,1,36,True 
432,A4038,SPLUS,SPLUS-s23s45,23:28:58,-29:34:33,352.2416667,-29.57583333,2000,1,-,galaxy 
433,A4038,SPLUS,SPLUS-s23s46,23:35:10,-29:34:33,353.7916667,-29.57583333,2000,1,-,ToBeDef,2,1,36,True 
434,A4038,SPLUS,SPLUS-s23s47,23:41:23,-29:34:33,355.3458333,-29.57583333,2000,1,-,"galaxies,galaxy" 
435,A4038,SPLUS,SPLUS-s23s48,23:47:35,-29:34:33,356.8958333,-29.57583333,2000,1,-,galaxies,5,1,36,True 
436,A4038,SPLUS,SPLUS-s23s49,23:53:48,-29:34:33,358.45,-29.57583333,2000,1,-,galaxy 
437,A4038,SPLUS,SPLUS-s24s72,23:28:34,-30:54:08,352.1416667,-30.90222222,2000,1,-,galaxies,5,1,36,True 
438,A4038,SPLUS,SPLUS-s24s73,23:34:51,-30:54:08,353.7125,-30.90222222,2000,2,-,seeing,2,1,33,True 
466,AM2002,SPLUS,SPLUS-s24s25,2:30:55,-30:54:08,37.72916667,-30.90222222,2000,1,-,ToBeDef,4,1,36,True 
467,AM2002,SPLUS,SPLUS-s24s26,2:37:12,-30:54:08,39.3,-30.90222222,2000,1,-,ToBeDef,3,1,36,True 
468,AM2002,SPLUS,SPLUS-s24s27,2:43:30,-30:54:08,40.875,-30.90222222,2000,1,-,galaxies,7,1,36,True 
474,AM2002,SPLUS,SPLUS-s25s26,2:39:18,-32:13:38,39.825,-32.22722222,2000,1,-,galaxies,5,1,36,True 
475,AM2002,SPLUS,SPLUS-s25s27,2:45:40,-32:13:38,41.41666667,-32.22722222,2000,1,-,galaxies,5,1,36,True 
479,AM2002,SPLUS,SPLUS-s26s25,2:34:59,-33:33:01,38.74583333,-33.55027778,2000,1,-,"galaxies,galaxy" 
480,AM2002,SPLUS,SPLUS-s26s26,2:41:26,-33:33:01,40.35833333,-33.55027778,2000,1,-,satelite globular
481,AM2002,SPLUS,SPLUS-s26s27,2:47:54,-33:33:01,41.975,-33.55027778,2000,1,-,galaxies,3,1,36,True 
485,AM2002,SPLUS,SPLUS-s27s24,2:31:14,-34:52:18,37.80833333,-34.87166667,2000,1,-,"galaxies,galaxy" 
486,AM2002,SPLUS,SPLUS-s27s25,2:37:48,-34:52:18,39.45,-34.87166667,2000,1,-,Fornax Spheroidal,4,1,36,True
487,AM2002,SPLUS,SPLUS-s27s26,2:44:23,-34:52:18,41.09583333,-34.87166667,2000,1,-,ToBeDef,3,1,36,True 
609,Fornax,SPLUS,SPLUS-s24s32,3:14:56,-30:54:08,48.73333333,-30.90222222,2000,1,-,galaxies,4,1,35,True 
610,Fornax,SPLUS,SPLUS-s24s33,3:21:13,-30:54:08,50.30416667,-30.90222222,2000,1,-,seeing,1,1,36,True 
611,Fornax,SPLUS,SPLUS-s24s34,3:27:31,-30:54:08,51.87916667,-30.90222222,2000,1,-,galaxies,5,1,36,True 
612,Fornax,SPLUS,SPLUS-s24s35,3:33:48,-30:54:08,53.45,-30.90222222,2000,1,-,galaxies,4,1,36,True 
613,Fornax,SPLUS,SPLUS-s24s36,3:40:05,-30:54:08,55.02083333,-30.90222222,2000,1,-,galaxies,5,1,36,True 
614,Fornax,SPLUS,SPLUS-s24s37,3:46:23,-30:54:08,56.59583333,-30.90222222,2000,1,-,ToBeDef,1,1,66,True 
615,Fornax,SPLUS,SPLUS-s24s38,3:52:40,-30:54:08,58.16666667,-30.90222222,2000,1,-,ToBeDef,2,1,36,True 
619,Fornax,SPLUS,SPLUS-s24s42,4:17:49,-30:54:08,64.45416667,-30.90222222,2000,1,-,ToBeDef,2,1,50,True 
620,Fornax,SPLUS,SPLUS-s24s43,4:24:06,-30:54:08,66.025,-30.90222222,2000,2,-,ToBeDef,1,1,36,True 
624,Fornax,SPLUS,SPLUS-s25s31,3:11:09,-32:13:38,47.7875,-32.22722222,2000,1,-,galaxies,3,1,36,True 
625,Fornax,SPLUS,SPLUS-s25s32,3:17:31,-32:13:38,49.37916667,-32.22722222,2000,1,-,galaxies,5,1,36,True 
626,Fornax,SPLUS,SPLUS-s25s33,3:23:54,-32:13:38,50.975,-32.22722222,2000,1,-,ToBeDef,2,1,36,True 
627,Fornax,SPLUS,SPLUS-s25s34,3:30:16,-32:13:38,52.56666667,-32.22722222,2000,1,-,ToBeDef,1,1,36,True 
628,Fornax,SPLUS,SPLUS-s25s35,3:36:38,-32:13:38,54.15833333,-32.22722222,2000,1,-,galaxies,4,1,36,True 
629,Fornax,SPLUS,SPLUS-s25s36,3:43:01,-32:13:38,55.75416667,-32.22722222,2000,1,-,ToBeDef,3,1,36,True 
630,Fornax,SPLUS,SPLUS-s25s37,3:49:23,-32:13:38,57.34583333,-32.22722222,2000,1,-,galaxy 
631,Fornax,SPLUS,SPLUS-s25s38,3:55:45,-32:13:38,58.9375,-32.22722222,2000,1,-,galaxy 
639,Fornax,SPLUS,SPLUS-s26s31,3:13:43,-33:33:01,48.42916667,-33.55027778,2000,1,-,ToBeDef,3,1,36,True 
640,Fornax,SPLUS,SPLUS-s26s32,3:20:11,-33:33:01,50.04583333,-33.55027778,2000,1,ToReCoadd,ToBeDef,3,-4,70,True 
641,Fornax,SPLUS,SPLUS-s26s33,3:26:38,-33:33:01,51.65833333,-33.55027778,2000,1,-,galaxies,5,1,36,True 
642,Fornax,SPLUS,SPLUS-s26s34,3:33:06,-33:33:01,53.275,-33.55027778,2000,1,UN,UN,UN,-99,36,True 
643,Fornax,SPLUS,SPLUS-s26s35,3:39:33,-33:33:01,54.8875,-33.55027778,2000,1,-,fornax 
644,Fornax,SPLUS,SPLUS-s26s36,3:46:01,-33:33:01,56.50416667,-33.55027778,2000,1,-,"galaxies, clusters",4,1,35,True
645,Fornax,SPLUS,SPLUS-s26s37,3:52:28,-33:33:01,58.11666667,-33.55027778,2000,1,-,ToBeDef,2,1,36,True 
646,Fornax,SPLUS,SPLUS-s26s38,3:58:55,-33:33:01,59.72916667,-33.55027778,2000,1,-,interacting 
647,Fornax,SPLUS,SPLUS-s26s39,4:05:23,-33:33:01,61.34583333,-33.55027778,2000,1,-,ToBeDef,3,1,36,True 
648,Fornax,SPLUS,SPLUS-s26s40,4:11:50,-33:33:01,62.95833333,-33.55027778,2000,1,-,really galaxies,5,1,36,True
649,Fornax,SPLUS,SPLUS-s26s41,4:18:18,-33:33:01,64.575,-33.55027778,2000,1,-,ToBeDef,1,1,36,True 
650,Fornax,SPLUS,SPLUS-s26s42,4:24:45,-33:33:01,66.1875,-33.55027778,2000,1,-,ToBeDef,1,1,36,True 
654,Fornax,SPLUS,SPLUS-s27s30,3:10:41,-34:52:18,47.67083333,-34.87166667,2000,1,-,ToBeDef,1,1,34,True 
655,Fornax,SPLUS,SPLUS-s27s31,3:17:16,-34:52:18,49.31666667,-34.87166667,2000,1,-,galaxies,4,1,36,True 
656,Fornax,SPLUS,SPLUS-s27s32,3:23:50,-34:52:18,50.95833333,-34.87166667,2000,1,-,ToBeDef,2,1,36,True 
657,Fornax,SPLUS,SPLUS-s27s33,3:30:25,-34:52:18,52.60416667,-34.87166667,2000,1,-,beautiful 
658,Fornax,SPLUS,SPLUS-s27s34,3:36:59,-34:52:18,54.24583333,-34.87166667,2000,1,-,fornax 
659,Fornax,SPLUS,SPLUS-s27s35,3:43:34,-34:52:18,55.89166667,-34.87166667,2000,1,-,fornax 
660,Fornax,SPLUS,SPLUS-s27s36,3:50:08,-34:52:18,57.53333333,-34.87166667,2000,4,-,ToBeDef,2,1,36,True 
661,Fornax,SPLUS,SPLUS-s27s37,3:56:43,-34:52:18,59.17916667,-34.87166667,2000,1,-,galaxy 
662,Fornax,SPLUS,SPLUS-s27s38,4:03:17,-34:52:18,60.82083333,-34.87166667,2000,1,-,ToBeDef,3,1,36,True 
663,Fornax,SPLUS,SPLUS-s27s39,4:09:52,-34:52:18,62.46666667,-34.87166667,2000,1,-,ToBeDef,1,1,36,True 
664,Fornax,SPLUS,SPLUS-s27s40,4:16:26,-34:52:18,64.10833333,-34.87166667,2000,1,-,galaxies,4,1,35,True 
665,Fornax,SPLUS,SPLUS-s27s41,4:23:01,-34:52:18,65.75416667,-34.87166667,2000,1,-,ToBeDef,3,1,35,True 
669,Fornax,SPLUS,SPLUS-s28s30,3:13:20,-36:11:28,48.33333333,-36.19111111,2000,1,-,ToBeDef,1,1,35,True 
670,Fornax,SPLUS,SPLUS-s28s31,3:20:00,-36:11:28,50.0,-36.19111111,2000,1,-,ToBeDef,4,1,36,True 
671,Fornax,SPLUS,SPLUS-s28s32,3:26:40,-36:11:28,51.66666667,-36.19111111,2000,1,-,beautiful 
672,Fornax,SPLUS,SPLUS-s28s33,3:33:20,-36:11:28,53.33333333,-36.19111111,2000,1,-,fornax 
673,Fornax,SPLUS,SPLUS-s28s34,3:40:00,-36:11:28,55.0,-36.19111111,2000,1,-,fornax 
674,Fornax,SPLUS,SPLUS-s28s35,3:46:40,-36:11:28,56.66666667,-36.19111111,2000,2,-,galaxies,6,1,36,True 
675,Fornax,SPLUS,SPLUS-s28s36,3:53:20,-36:11:28,58.33333333,-36.19111111,2000,1,-,ToBeDef,3,1,35,True 
676,Fornax,SPLUS,SPLUS-s28s37,4:00:00,-36:11:28,60.0,-36.19111111,2000,1,-,galaxies,4,1,36,True 
677,Fornax,SPLUS,SPLUS-s28s38,4:06:40,-36:11:28,61.66666667,-36.19111111,2000,1,-,ToBeDef,2,1,36,True 
678,Fornax,SPLUS,SPLUS-s28s39,4:13:20,-36:11:28,63.33333333,-36.19111111,2000,1,-,ToBeDef,1,1,36,True 
679,Fornax,SPLUS,SPLUS-s28s40,4:20:00,-36:11:28,65.0,-36.19111111,2000,2,-,ToBeDef,2,1,35,True 
680,Fornax,SPLUS,SPLUS-s28s41,4:26:40,-36:11:28,66.66666667,-36.19111111,2000,1,-,ToBeDef,2,1,36,True 
683,Fornax,SPLUS,SPLUS-s29s28,3:03:24,-37:30:31,45.85,-37.50861111,2000,1,-,ToBeDef,4,1,36,True 
684,Fornax,SPLUS,SPLUS-s29s29,3:10:11,-37:30:31,47.54583333,-37.50861111,2000,1,-,ToBeDef,2,1,36,True 
685,Fornax,SPLUS,SPLUS-s29s30,3:16:59,-37:30:31,49.24583333,-37.50861111,2000,1,-,ToBeDef,1,1,36,True 
686,Fornax,SPLUS,SPLUS-s29s31,3:23:46,-37:30:31,50.94166667,-37.50861111,2000,1,-,NGC 
687,Fornax,SPLUS,SPLUS-s29s32,3:30:34,-37:30:31,52.64166667,-37.50861111,2000,1,-,galaxies,3,1,36,True 
688,Fornax,SPLUS,SPLUS-s29s33,3:37:22,-37:30:31,54.34166667,-37.50861111,2000,1,-,galaxies,5,1,36,True 
689,Fornax,SPLUS,SPLUS-s29s34,3:44:09,-37:30:31,56.0375,-37.50861111,2000,1,-,interacting 
690,Fornax,SPLUS,SPLUS-s29s35,3:50:57,-37:30:31,57.7375,-37.50861111,2000,1,-,ToBeDef,2,1,36,True 
691,Fornax,SPLUS,SPLUS-s29s36,3:57:44,-37:30:31,59.43333333,-37.50861111,2000,1,-,galaxies,4,1,35,True 
692,Fornax,SPLUS,SPLUS-s29s37,4:04:32,-37:30:31,61.13333333,-37.50861111,2000,1,-,galaxy 
693,Fornax,SPLUS,SPLUS-s29s38,4:11:19,-37:30:31,62.82916667,-37.50861111,2000,1,-,ToBeDef,3,1,36,True 
694,Fornax,SPLUS,SPLUS-s29s39,4:18:07,-37:30:31,64.52916667,-37.50861111,2000,1,-,galaxy 
695,Fornax,SPLUS,SPLUS-s29s40,4:24:54,-37:30:31,66.225,-37.50861111,2000,1,-,ToBeDef,1,1,36,True 
698,Fornax,SPLUS,SPLUS-s30s28,3:06:02,-38:49:26,46.50833333,-38.82388889,2000,1,-,ToBeDef,3,1,35,True 
699,Fornax,SPLUS,SPLUS-s30s29,3:12:55,-38:49:26,48.22916667,-38.82388889,2000,1,-,galaxy 
700,Fornax,SPLUS,SPLUS-s30s30,3:19:49,-38:49:26,49.95416667,-38.82388889,2000,1,-,"galaxies, clusters",4,1,36,True
701,Fornax,SPLUS,SPLUS-s30s31,3:26:42,-38:49:26,51.675,-38.82388889,2000,1,-,ToBeDef,3,1,36,True 
702,Fornax,SPLUS,SPLUS-s30s32,3:33:35,-38:49:26,53.39583333,-38.82388889,2000,1,-,ToBeDef,1,1,36,True 
703,Fornax,SPLUS,SPLUS-s30s33,3:40:29,-38:49:26,55.12083333,-38.82388889,2000,4,ForReCoadd,ToBeDef,1,-4,32,True 
704,Fornax,SPLUS,SPLUS-s30s34,3:47:22,-38:49:26,56.84166667,-38.82388889,2000,4,-,ToBeDef,1,1,36,True 
705,Fornax,SPLUS,SPLUS-s30s35,3:54:16,-38:49:26,58.56666667,-38.82388889,2000,1,-,ToBeDef,2,1,36,True 
706,Fornax,SPLUS,SPLUS-s30s36,4:01:09,-38:49:26,60.2875,-38.82388889,2000,1,-,ToBeDef,1,1,36,True 
707,Fornax,SPLUS,SPLUS-s30s37,4:08:02,-38:49:26,62.00833333,-38.82388889,2000,1,-,"weird object"
708,Fornax,SPLUS,SPLUS-s30s38,4:14:56,-38:49:26,63.73333333,-38.82388889,2000,1,-,galaxies,5,1,36,True 
709,Fornax,SPLUS,SPLUS-s30s39,4:21:49,-38:49:26,65.45416667,-38.82388889,2000,1,-,ToBeDef,2,1,36,True 
712,Fornax,SPLUS,SPLUS-s31s28,3:09:40,-40:08:16,47.41666667,-40.13777778,2000,4,-,ToBeDef,2,1,35,True 
713,Fornax,SPLUS,SPLUS-s31s29,3:16:41,-40:08:16,49.17083333,-40.13777778,2000,1,-,ToBeDef,2,1,36,True 
714,Fornax,SPLUS,SPLUS-s31s30,3:23:42,-40:08:16,50.925,-40.13777778,2000,4,-,ToBeDef,1,1,36,True 
715,Fornax,SPLUS,SPLUS-s31s31,3:30:44,-40:08:16,52.68333333,-40.13777778,2000,1,-,ToBeDef,1,1,35,True 
716,Fornax,SPLUS,SPLUS-s31s32,3:37:45,-40:08:16,54.4375,-40.13777778,2000,1,-,ToBeDef,1,1,36,True 
717,Fornax,SPLUS,SPLUS-s31s33,3:44:47,-40:08:16,56.19583333,-40.13777778,2000,1,-,ToBeDef,2,1,35,True 
718,Fornax,SPLUS,SPLUS-s31s34,3:51:48,-40:08:16,57.95,-40.13777778,2000,1,-,ToBeDef,1,1,36,True 
719,Fornax,SPLUS,SPLUS-s31s35,3:58:50,-40:08:16,59.70833333,-40.13777778,2000,1,-,ToBeDef,2,1,36,True 
720,Fornax,SPLUS,SPLUS-s31s36,4:05:51,-40:08:16,61.4625,-40.13777778,2000,1,-,ToBeDef,1,1,36,True 
721,Fornax,SPLUS,SPLUS-s31s37,4:12:53,-40:08:16,63.22083333,-40.13777778,2000,1,-,galaxies,4,1,36,True 
722,Fornax,SPLUS,SPLUS-s31s38,4:19:54,-40:08:16,64.975,-40.13777778,2000,1,-,galaxies,5,1,36,True 
723,Fornax,SPLUS,SPLUS-s31s39,4:26:56,-40:08:16,66.73333333,-40.13777778,2000,1,-,ToBeDef,1,1,38,True 
727,Fornax,SPLUS,SPLUS-s32s28,3:13:26,-41:26:57,48.35833333,-41.44916667,2000,1,-,ToBeDef,3,1,35,True 
728,Fornax,SPLUS,SPLUS-s32s29,3:20:36,-41:26:57,50.15,-41.44916667,2000,1,-,galaxies,5,1,35,True 
729,Fornax,SPLUS,SPLUS-s32s30,3:27:46,-41:26:57,51.94166667,-41.44916667,2000,1,-,ToBeDef,1,1,35,True 
730,Fornax,SPLUS,SPLUS-s32s31,3:34:56,-41:26:57,53.73333333,-41.44916667,2000,1,-,ToBeDef,2,1,36,True 
731,Fornax,SPLUS,SPLUS-s32s32,3:42:05,-41:26:57,55.52083333,-41.44916667,2000,1,-,ToBeDef,1,1,36,True 
732,Fornax,SPLUS,SPLUS-s32s33,3:49:15,-41:26:57,57.3125,-41.44916667,2000,1,-,galaxy 
733,Fornax,SPLUS,SPLUS-s32s34,3:56:25,-41:26:57,59.10416667,-41.44916667,2000,1,-,ToBeDef,2,1,36,True 
734,Fornax,SPLUS,SPLUS-s32s35,4:03:35,-41:26:57,60.89583333,-41.44916667,2000,1,-,ToBeDef,3,1,36,True 
735,Fornax,SPLUS,SPLUS-s32s36,4:10:45,-41:26:57,62.6875,-41.44916667,2000,1,-,ToBeDef,2,1,36,True 
736,Fornax,SPLUS,SPLUS-s32s37,4:17:55,-41:26:57,64.47916667,-41.44916667,2000,2,-,seeing,1,1,36,True 
737,Fornax,SPLUS,SPLUS-s32s38,4:25:04,-41:26:57,66.26666667,-41.44916667,2000,1,-,ToBeDef,2,1,36,True 
742,Fornax,SPLUS,SPLUS-s33s29,3:24:40,-42:45:30,51.16666667,-42.75833333,2000,1,-,ToBeDef,3,1,36,True 
743,Fornax,SPLUS,SPLUS-s33s30,3:31:59,-42:45:30,52.99583333,-42.75833333,2000,1,-,ToBeDef,3,1,36,True 
744,Fornax,SPLUS,SPLUS-s33s31,3:39:17,-42:45:30,54.82083333,-42.75833333,2000,1,-,ToBeDef,2,1,36,True 
745,Fornax,SPLUS,SPLUS-s33s32,3:46:36,-42:45:30,56.65,-42.75833333,2000,1,-,ToBeDef,2,1,36,True 
746,Fornax,SPLUS,SPLUS-s33s33,3:53:55,-42:45:30,58.47916667,-42.75833333,2000,1,-,interacting 
747,Fornax,SPLUS,SPLUS-s33s34,4:01:13,-42:45:30,60.30416667,-42.75833333,2000,1,-,galaxies,6,1,36,True 
748,Fornax,SPLUS,SPLUS-s33s35,4:08:32,-42:45:30,62.13333333,-42.75833333,2000,1,-,ToBeDef,1,1,35,True 
749,Fornax,SPLUS,SPLUS-s33s36,4:15:50,-42:45:30,63.95833333,-42.75833333,2000,1,-,ToBeDef,3,1,36,True 
750,Fornax,SPLUS,SPLUS-s33s37,4:23:09,-42:45:30,65.7875,-42.75833333,2000,1,-,ToBeDef,4,1,36,True 
755,Fornax,SPLUS,SPLUS-s34s28,3:21:27,-44:03:55,50.3625,-44.06527778,2000,1,-,ToBeDef,3,1,36,True 
756,Fornax,SPLUS,SPLUS-s34s29,3:28:55,-44:03:55,52.22916667,-44.06527778,2000,1,-,ToBeDef,1,1,36,True 
757,Fornax,SPLUS,SPLUS-s34s30,3:36:22,-44:03:55,54.09166667,-44.06527778,2000,1,-,galaxies,4,1,36,True 
758,Fornax,SPLUS,SPLUS-s34s31,3:43:50,-44:03:55,55.95833333,-44.06527778,2000,1,-,galaxies,6,1,36,True 
759,Fornax,SPLUS,SPLUS-s34s32,3:51:18,-44:03:55,57.825,-44.06527778,2000,1,-,ToBeDef,2,1,36,True 
760,Fornax,SPLUS,SPLUS-s34s33,3:58:45,-44:03:55,59.6875,-44.06527778,2000,1,-,galaxies,4,1,35,True 
761,Fornax,SPLUS,SPLUS-s34s34,4:06:13,-44:03:55,61.55416667,-44.06527778,2000,1,-,ToBeDef,2,1,36,True 
762,Fornax,SPLUS,SPLUS-s34s35,4:13:41,-44:03:55,63.42083333,-44.06527778,2000,1,-,ToBeDef,1,1,35,True 
763,Fornax,SPLUS,SPLUS-s34s36,4:21:08,-44:03:55,65.28333333,-44.06527778,2000,1,-,ToBeDef,2,1,36,True 
768,Fornax,SPLUS,SPLUS-s35s28,3:25:43,-45:22:11,51.42916667,-45.36972222,2000,1,-,ToBeDef,2,1,35,True 
769,Fornax,SPLUS,SPLUS-s35s29,3:33:20,-45:22:11,53.33333333,-45.36972222,2000,1,-,galaxy 
770,Fornax,SPLUS,SPLUS-s35s30,3:40:57,-45:22:11,55.2375,-45.36972222,2000,1,-,ToBeDef,1,1,36,True 
771,Fornax,SPLUS,SPLUS-s35s31,3:48:34,-45:22:11,57.14166667,-45.36972222,2000,1,-,galaxy 
772,Fornax,SPLUS,SPLUS-s35s32,3:56:11,-45:22:11,59.04583333,-45.36972222,2000,1,-,galaxies,5,1,36,True 
773,Fornax,SPLUS,SPLUS-s35s33,4:03:49,-45:22:11,60.95416667,-45.36972222,2000,1,-,one the
774,Fornax,SPLUS,SPLUS-s35s34,4:11:26,-45:22:11,62.85833333,-45.36972222,2000,1,-,ToBeDef,1,1,36,True 
775,Fornax,SPLUS,SPLUS-s35s35,4:19:03,-45:22:11,64.7625,-45.36972222,2000,1,-,ToBeDef,4,1,36,True 
776,Fornax,SPLUS,SPLUS-s35s36,4:26:40,-45:22:11,66.66666667,-45.36972222,2000,1,-,ToBeDef,2,1,36,True 
782,Fornax,SPLUS,SPLUS-s36s28,3:31:18,-46:40:19,52.825,-46.67194444,2000,1,-,ToBeDef,1,1,36,True 
783,Fornax,SPLUS,SPLUS-s36s29,3:39:08,-46:40:19,54.78333333,-46.67194444,2000,1,-,galaxies,7,1,36,True 
784,Fornax,SPLUS,SPLUS-s36s30,3:46:57,-46:40:19,56.7375,-46.67194444,2000,1,-,ToBeDef,1,1,36,True 
785,Fornax,SPLUS,SPLUS-s36s31,3:54:47,-46:40:19,58.69583333,-46.67194444,2000,1,-,galaxies,7,1,36,True 
786,Fornax,SPLUS,SPLUS-s36s32,4:02:37,-46:40:19,60.65416667,-46.67194444,2000,1,-,ToBeDef,2,1,36,True 
787,Fornax,SPLUS,SPLUS-s36s33,4:10:26,-46:40:19,62.60833333,-46.67194444,2000,1,-,interesting 
788,Fornax,SPLUS,SPLUS-s36s34,4:18:16,-46:40:19,64.56666667,-46.67194444,2000,1,-,ToBeDef,1,1,36,True 
789,Fornax,SPLUS,SPLUS-s36s35,4:26:05,-46:40:19,66.52083333,-46.67194444,2000,1,-,ToBeDef,2,1,36,True 
883,Hydra,SPLUS,SPLUS-n15s02,10:05:43,-18:54:11,151.4291667,-18.90305556,2000,4,-,ToBeDef,4,1,36,True 
884,Hydra,SPLUS,SPLUS-n15s03,10:11:26,-18:54:11,152.8583333,-18.90305556,2000,1,-,ToBeDef,2,1,35,True 
885,Hydra,SPLUS,SPLUS-n15s04,10:17:09,-18:54:11,154.2875,-18.90305556,2000,1,-,ToBeDef,2,1,36,True 
886,Hydra,SPLUS,SPLUS-n15s05,10:22:51,-18:54:11,155.7125,-18.90305556,2000,1,-,wanderful neb,5,1,36,True
887,Hydra,SPLUS,SPLUS-n15s06,10:28:34,-18:54:11,157.1416667,-18.90305556,2000,1,-,ToBeDef,1,1,36,True 
888,Hydra,SPLUS,SPLUS-n15s07,10:34:17,-18:54:11,158.5708333,-18.90305556,2000,1,-,ToBeDef,2,1,36,True 
889,Hydra,SPLUS,SPLUS-n15s08,10:40:00,-18:54:11,160.0,-18.90305556,2000,1,-,ToBeDef,2,1,36,True 
890,Hydra,SPLUS,SPLUS-n15s09,10:45:43,-18:54:11,161.4291667,-18.90305556,2000,1,-,galaxy 
891,Hydra,SPLUS,SPLUS-n15s10,10:51:26,-18:54:11,162.8583333,-18.90305556,2000,2,-,ToBeDef,1,1,36,True 
892,Hydra,SPLUS,SPLUS-n15s11,10:57:09,-18:54:11,164.2875,-18.90305556,2000,1,-,ToBeDef,1,1,36,True 
893,Hydra,SPLUS,SPLUS-n15s12,11:02:51,-18:54:11,165.7125,-18.90305556,2000,1,-,galaxies,3,1,36,True 
894,Hydra,SPLUS,SPLUS-n15s13,11:08:34,-18:54:11,167.1416667,-18.90305556,2000,1,-,galaxies,4,1,35,True 
895,Hydra,SPLUS,SPLUS-n16s01,10:04:48,-20:14:34,151.2,-20.24277778,2000,1,-,ToBeDef,1,1,36,True 
896,Hydra,SPLUS,SPLUS-n16s02,10:10:34,-20:14:34,152.6416667,-20.24277778,2000,1,-,ToBeDef,3,1,36,True 
897,Hydra,SPLUS,SPLUS-n16s03,10:16:19,-20:14:34,154.0791667,-20.24277778,2000,1,-,nice 
898,Hydra,SPLUS,SPLUS-n16s04,10:22:05,-20:14:34,155.5208333,-20.24277778,2000,1,-,ToBeDef,2,1,36,True 
899,Hydra,SPLUS,SPLUS-n16s05,10:27:50,-20:14:34,156.9583333,-20.24277778,2000,4,-,ToBeDef,2,1,35,True 
900,Hydra,SPLUS,SPLUS-n16s06,10:33:36,-20:14:34,158.4,-20.24277778,2000,1,-,ToBeDef,2,1,36,True 
901,Hydra,SPLUS,SPLUS-n16s07,10:39:22,-20:14:34,159.8416667,-20.24277778,2000,1,-,,3,1,35,True 
902,Hydra,SPLUS,SPLUS-n16s08,10:45:07,-20:14:34,161.2791667,-20.24277778,2000,1,-,nice 
903,Hydra,SPLUS,SPLUS-n16s09,10:50:53,-20:14:34,162.7208333,-20.24277778,2000,1,-,nice 
904,Hydra,SPLUS,SPLUS-n16s10,10:56:38,-20:14:34,164.1583333,-20.24277778,2000,1,-,nice 
905,Hydra,SPLUS,SPLUS-n16s11,11:02:24,-20:14:34,165.6,-20.24277778,2000,1,-,ToBeDef,2,1,36,True 
906,Hydra,SPLUS,SPLUS-n16s12,11:08:10,-20:14:34,167.0416667,-20.24277778,2000,1,-,nice 
907,Hydra,SPLUS,SPLUS-n17s01,10:03:52,-21:34:50,150.9666667,-21.58055556,2000,1,-,ToBeDef,2,1,36,True 
908,Hydra,SPLUS,SPLUS-n17s02,10:09:41,-21:34:50,152.4208333,-21.58055556,2000,1,-,ToBeDef,3,1,36,True 
909,Hydra,SPLUS,SPLUS-n17s03,10:15:29,-21:34:50,153.8708333,-21.58055556,2000,1,-,ToBeDef,3,1,36,True 
910,Hydra,SPLUS,SPLUS-n17s04,10:21:17,-21:34:50,155.3208333,-21.58055556,2000,1,-,ToBeDef,3,1,36,True 
911,Hydra,SPLUS,SPLUS-n17s05,10:27:06,-21:34:50,156.775,-21.58055556,2000,1,-,ToBeDef,1,1,36,True 
912,Hydra,SPLUS,SPLUS-n17s06,10:32:54,-21:34:50,158.225,-21.58055556,2000,1,-,ToBeDef,1,1,36,True 
913,Hydra,SPLUS,SPLUS-n17s07,10:38:43,-21:34:50,159.6791667,-21.58055556,2000,1,-,one the
914,Hydra,SPLUS,SPLUS-n17s08,10:44:31,-21:34:50,161.1291667,-21.58055556,2000,1,-,ToBeDef,2,1,36,True 
915,Hydra,SPLUS,SPLUS-n17s09,10:50:19,-21:34:50,162.5791667,-21.58055556,2000,1,-,ToBeDef,3,1,36,True 
916,Hydra,SPLUS,SPLUS-n17s10,10:56:08,-21:34:50,164.0333333,-21.58055556,2000,1,-,nice 
917,Hydra,SPLUS,SPLUS-n17s11,11:01:56,-21:34:50,165.4833333,-21.58055556,2000,1,-,ToBeDef,1,1,36,True 
918,Hydra,SPLUS,SPLUS-n17s12,11:07:45,-21:34:50,166.9375,-21.58055556,2000,1,-,ToBeDef,3,1,36,True 
919,Hydra,SPLUS,SPLUS-n18s01,10:02:56,-22:55:02,150.7333333,-22.91722222,2000,1,-,ToBeDef,1,1,34,True 
920,Hydra,SPLUS,SPLUS-n18s02,10:08:47,-22:55:02,152.1958333,-22.91722222,2000,1,-,ToBeDef,2,1,36,True 
921,Hydra,SPLUS,SPLUS-n18s03,10:14:38,-22:55:02,153.6583333,-22.91722222,2000,1,-,ToBeDef,2,1,35,True 
922,Hydra,SPLUS,SPLUS-n18s04,10:20:29,-22:55:02,155.1208333,-22.91722222,2000,1,-,ToBeDef,3,1,35,True 
923,Hydra,SPLUS,SPLUS-n18s05,10:26:20,-22:55:02,156.5833333,-22.91722222,2000,1,-,nice 
924,Hydra,SPLUS,SPLUS-n18s06,10:32:12,-22:55:02,158.05,-22.91722222,2000,1,-,ToBeDef,3,1,36,True 
925,Hydra,SPLUS,SPLUS-n18s07,10:38:03,-22:55:02,159.5125,-22.91722222,2000,1,-,ToBeDef,1,1,36,True 
926,Hydra,SPLUS,SPLUS-n18s08,10:43:54,-22:55:02,160.975,-22.91722222,2000,1,-,ToBeDef,3,1,36,True 
927,Hydra,SPLUS,SPLUS-n18s09,10:49:45,-22:55:02,162.4375,-22.91722222,2000,1,-,ToBeDef,1,1,34,True 
928,Hydra,SPLUS,SPLUS-n18s10,10:55:37,-22:55:02,163.9041667,-22.91722222,2000,5,-,ToBeDef,2,1,36,True 
929,Hydra,SPLUS,SPLUS-n18s11,11:01:28,-22:55:02,165.3666667,-22.91722222,2000,1,-,wanderful 
930,Hydra,SPLUS,SPLUS-n18s12,11:07:19,-22:55:02,166.8291667,-22.91722222,2000,1,-,ToBeDef,2,1,36,True 
931,Hydra,SPLUS,SPLUS-n19s01,11:00:00,-24:15:13,165.0,-24.25361111,2000,1,-,ToBeDef,4,1,35,True 
932,Hydra,SPLUS,SPLUS-n19s02,11:05:54,-24:15:13,166.475,-24.25361111,2000,4,-,ToBeDef,3,1,34,True 
933,Hydra,SPLUS,SPLUS-n19s03,11:11:48,-24:15:13,167.95,-24.25361111,2000,1,-,galaxies,6,1,36,True 
934,Hydra,SPLUS,SPLUS-n20s01,11:00:00,-25:35:24,165.0,-25.59,2000,1,-,ToBeDef,3,1,36,True 
935,Hydra,SPLUS,SPLUS-n20s02,11:05:57,-25:35:24,166.4875,-25.59,2000,1,-,ToBeDef,2,1,35,True 
936,Hydra,SPLUS,SPLUS-n20s03,11:11:54,-25:35:24,167.975,-25.59,2000,6,-,ToBeDef,2,1,35,True 
941,MKW4,SPLUS,SPLUS-n01s20,11:46:25,0:00:00,176.6041667,0.0,2000,1,-,high 
942,MKW4,SPLUS,SPLUS-n01s21,11:51:51,0:00:00,177.9625,0.0,2000,1,-,ToBeDef,3,1,36,True 
943,MKW4,SPLUS,SPLUS-n01s22,11:57:17,0:00:00,179.3208333,0.0,2000,1,-,"asteroids,galaxy"
944,MKW4,SPLUS,SPLUS-n01s23,12:02:43,0:00:00,180.6791667,0.0,2000,1,-,,2,1,36,True 
945,MKW4,SPLUS,SPLUS-n01s24,12:08:09,0:00:00,182.0375,0.0,2000,1,-,ToBeDef,3,1,36,True 
946,MKW4,SPLUS,SPLUS-n01s25,12:13:35,0:00:00,183.3958333,0.0,2000,1,-,nice and
947,MKW4,SPLUS,SPLUS-n01s26,12:19:01,0:00:00,184.7541667,0.0,2000,1,-,nice 
948,MKW4,SPLUS,SPLUS-n02s20,11:46:25,-1:21:33,176.6041667,-1.359166667,2000,1,-,very gals,4,1,36,True
949,MKW4,SPLUS,SPLUS-n02s21,11:51:51,-1:21:33,177.9625,-1.359166667,2000,1,-,beautiful and
950,MKW4,SPLUS,SPLUS-n02s22,11:57:17,-1:21:33,179.3208333,-1.359166667,2000,1,-,ToBeDef,2,1,36,True 
951,MKW4,SPLUS,SPLUS-n02s23,12:02:43,-1:21:33,180.6791667,-1.359166667,2000,1,-,wanderful 
952,MKW4,SPLUS,SPLUS-n02s24,12:08:09,-1:21:33,182.0375,-1.359166667,2000,1,-,ToBeDef,3,1,36,True 
953,MKW4,SPLUS,SPLUS-n02s25,12:13:35,-1:21:33,183.3958333,-1.359166667,2000,1,-,full galaxies
954,MKW4,SPLUS,SPLUS-n02s26,12:19:01,-1:21:33,184.7541667,-1.359166667,2000,1,-,nice 
955,MKW4,SPLUS,SPLUS-n02n20,11:46:25,+01:21:33.4908,176.6041667,1.359303,2000,1,-,ToBeDef,3,1,36,True 
956,MKW4,SPLUS,SPLUS-n02n21,11:51:51,+01:21:33.4908,177.9625,1.359303,2000,1,-,ToBeDef,2,1,36,True 
957,MKW4,SPLUS,SPLUS-n02n22,11:57:17,+01:21:33.4908,179.3208333,1.359303,2000,1,-,beautiful 
958,MKW4,SPLUS,SPLUS-n02n23,12:02:43,+01:21:33.4908,180.6791667,1.359303,2000,1,-,spetacular cluster,6,1,36,True
959,MKW4,SPLUS,SPLUS-n02n24,12:08:09,+01:21:33.4908,182.0375,1.359303,2000,1,-,nice 
960,MKW4,SPLUS,SPLUS-n02n25,12:13:35,+01:21:33.4908,183.3958333,1.359303,2000,1,-,nice 
961,MKW4,SPLUS,SPLUS-n02n26,12:19:01,+01:21:33.4908,184.7541667,1.359303,2000,1,-,ToBeDef,3,1,36,True 
962,MKW4,SPLUS,SPLUS-n03s20,11:46:25,-2:43:02,176.6041667,-2.717222222,2000,1,-,intersting satellite??,4,1,36,True
963,MKW4,SPLUS,SPLUS-n03s21,11:51:51,-2:43:02,177.9625,-2.717222222,2000,1,-,full galaxies
964,MKW4,SPLUS,SPLUS-n03s22,11:57:17,-2:43:02,179.3208333,-2.717222222,2000,1,-,beautiful of
965,MKW4,SPLUS,SPLUS-n03s23,12:02:43,-2:43:02,180.6791667,-2.717222222,2000,1,-,beautiful 
966,MKW4,SPLUS,SPLUS-n03s24,12:08:09,-2:43:02,182.0375,-2.717222222,2000,1,-,very gals,4,1,36,True
967,MKW4,SPLUS,SPLUS-n03s25,12:13:35,-2:43:02,183.3958333,-2.717222222,2000,1,-,nice of
968,MKW4,SPLUS,SPLUS-n03s26,12:19:01,-2:43:02,184.7541667,-2.717222222,2000,1,-,nice of
994,MKW8,SPLUS,SPLUS-n05n50,14:27:16,+05:25:44.001,216.8166667,5.428889167,2000,1,-,galaxies,4,1,35,True 
997,MKW8,SPLUS,SPLUS-n05n53,14:43:38,+05:25:44.001,220.9083333,5.428889167,2000,2,-,galaxies,4,1,36,True 
998,MKW8,SPLUS,SPLUS-n05n54,14:49:05,+05:25:44.001,222.2708333,5.428889167,2000,1,-,galaxies,4,1,36,True 
999,MKW8,SPLUS,SPLUS-n05n55,14:54:33,+05:25:44.001,223.6375,5.428889167,2000,1,-,ToBeDef,3,1,36,True 
1002,MZ00407,SPLUS,SPLUS-s20s32,22:00:30,-25:35:07,330.125,-25.58527778,2000,1,-,ToBeDef,4,1,36,True 
1003,MZ00407,SPLUS,SPLUS-s20s33,22:06:28,-25:35:07,331.6166667,-25.58527778,2000,1,-,ToBeDef,2,1,36,True 
1004,MZ00407,SPLUS,SPLUS-s20s34,22:12:27,-25:35:07,333.1125,-25.58527778,2000,1,-,"asteroids,galaxies",7,1,36,True 
1008,MZ00407,SPLUS,SPLUS-s21s31,22:05:03,-26:55:02,331.2625,-26.91722222,2000,1,-,galaxies,3,1,36,True 
1009,MZ00407,SPLUS,SPLUS-s21s32,22:11:06,-26:55:02,332.775,-26.91722222,2000,1,-,galaxies,5,1,34,True 
1014,MZ00407,SPLUS,SPLUS-s22s32,22:09:42,-28:14:50,332.425,-28.24722222,2000,1,-,"galaxies, clusters",6,1,36,True
1015,MZ00407,SPLUS,SPLUS-s23s28,21:43:27,-29:34:33,325.8625,-29.57583333,2000,1,-,Beautiful of
1016,MZ00407,SPLUS,SPLUS-s23s29,21:49:39,-29:34:33,327.4125,-29.57583333,2000,1,-,ToBeDef,2,1,36,True 
1017,MZ00407,SPLUS,SPLUS-s23s30,21:55:52,-29:34:33,328.9666667,-29.57583333,2000,1,-,ToBeDef,2,1,36,True 
1018,MZ00407,SPLUS,SPLUS-s23s31,22:02:04,-29:34:33,330.5166667,-29.57583333,2000,1,-,ToBeDef,1,1,36,True 
1019,MZ00407,SPLUS,SPLUS-s23s32,22:08:17,-29:34:33,332.0708333,-29.57583333,2000,1,-,"asteroids,galaxies",4,1,36,True 
1020,MZ00407,SPLUS,SPLUS-s24s56,21:47:57,-30:54:08,326.9875,-30.90222222,2000,1,-,ToBeDef,1,1,36,True 
1021,MZ00407,SPLUS,SPLUS-s24s57,21:54:14,-30:54:08,328.5583333,-30.90222222,2000,1,-,ToBeDef,2,1,35,True 
1022,MZ00407,SPLUS,SPLUS-s24s58,22:00:31,-30:54:08,330.1291667,-30.90222222,2000,6,-,galaxies,5,1,35,True 
1023,MZ00407,SPLUS,SPLUS-s24s59,22:06:49,-30:54:08,331.7041667,-30.90222222,2000,1,-,galaxies,6,1,36,True 
