name,clsid,z_cluster,R200_Mpc,peak_spec_m,peak_spec_m_density,peak_photo_m,peak_photo_m_density,z_offset_m,peak_spec_mi,peak_spec_mi_density,peak_photo_mi,peak_photo_mi_density,z_offset_mi,rmse_base_m,rmse_base_mi,rmse_om_m,rmse_om_mi,rel_om_m,rel_om_mi,rmse_omi_m,rmse_omi_mi,rel_omi_m,rel_omi_mi
A194,1,0.018,0.974335,0.01771024305527638,68.6825308360374,0.019782893040201005,12.270156776426715,0.002072649984924624,0.01767912542713568,32.68992223480555,0.020836632214070352,15.506994065323983,0.003157506786934671,0.008987064773492315,0.00856999024666245,0.007962627750140044,0.007775083426757841,-0.11399016799944366,-0.09275469364906018,0.007598707497404173,0.00755491420404158,-0.15448395122099862,-0.11844541398587799
NGC5004,2,0.0093,0.694731,0.008730603015075377,22.872680910392663,0.014604758155778896,5.577864396439746,0.005874155140703519,0.022660733668341707,27.51502821559346,0.02617095672361809,16.27410030712821,0.003510223055276384,0.00598926792708513,0.005653121037058582,0.0043326836729197645,0.004928456267407206,-0.27659211014318336,-0.12818844049170264,0.004165984971233304,0.00436779335793248,-0.3044250112115431,-0.2273660285531196
A3744,3,0.0381,1.204806,0.03778840703517588,24.268784934917143,0.04117403411055276,7.88436712000797,0.0033856270753768805,0.037760361809045226,16.647968492836863,0.039565481577889444,9.515562246725477,0.0018051197688442183,0.005824114148266525,0.006578618144291323,0.0061117869559072485,0.0075121721020009235,0.04939340135123309,0.14190730290672107,0.005735679246341938,0.006887584682245974,-0.015184266598021388,0.04696526400802878
RXJ2137.1+0026,4,0.051,0.671427,0.050787614090452265,25.217348057924532,0.055985640552763824,2.5670871055210887,0.0051980264623115585,0.05106783338693467,8.510306381875866,0.058460155819095486,5.551611230162798,0.007392322432160814,0.009850876185792258,0.010538233802972797,0.009857752176177367,0.012243023960545146,0.0006980080000422751,0.16177190499336175,0.010651451928407427,0.013509528108395832,0.08126949598349684,0.2819537278234275
A3880,5,0.057983,1.29534,0.05808788944723618,67.62340105291005,0.05422705477386934,10.092565346327946,-0.003860834673366842,0.0579808040201005,53.08374780029751,0.0536365512562814,12.539115616649251,-0.004344252763819098,0.011916363032863267,0.012626259442117697,0.01108772408356868,0.011544766267524244,-0.06953790741431293,-0.08565428102846458,0.011074788379524516,0.011493850916024619,-0.07062344869972771,-0.08968677788416718
A4038,7,0.0282,1.498758,0.029175376884422108,82.18884689058508,0.030717875693467338,25.782335965274097,0.00154249880904523,0.02916499713567839,61.54257645478105,0.031404574708542715,33.36267109663729,0.002239577572864325,0.007225420650093696,0.007219062308909854,0.006876576394673379,0.006972536849114152,-0.04828013098667041,-0.034149235627380266,0.006828273032538495,0.006971109352803452,-0.05496532821934056,-0.034346975479125026
A3581,8,0.022409,0.938288,0.021116924623115575,5.2433964218082245,0.02439565376884422,1.5337908499406179,0.0032787291457286455,0.021251909547738694,1.6820205219390099,0.025078658050251258,1.5646906496081188,0.003826748502512564,0.00625503136816906,0.006137213602282068,0.004318099049936557,0.005288558093031518,-0.30965988885191975,-0.13828026271319366,0.004161742410461278,0.00533340992322223,-0.33465682815920367,-0.13097208784796904
A3128,9,0.0599,1.632615,0.06032582914572864,99.27054076319921,0.06012941942713568,37.02948556967717,-0.00019640971859296447,0.06030387939698492,80.42480956544986,0.060429805608040205,42.92206733518634,0.0001259262110552828,0.00825956246663467,0.008890335881200225,0.008253426599709849,0.008872734827088224,-0.0007428803825393217,-0.0019797963032218047,0.00826594967288315,0.008903881984184382,0.000773310483973203,0.001523688549585889
A2457,10,0.0578,1.375618,0.059162571557788944,30.08247995328837,0.05963059880904523,7.499478881763565,0.00046802725125628247,0.05912421275376885,21.72081697374605,0.059525586070351764,9.180051440477907,0.00040137331658291614,0.010168726383556185,0.011282965898188205,0.010183895233350063,0.011316148733201487,0.001491715798195563,0.002940967411645777,0.010180422482851595,0.011310246324270551,0.0011502029707795498,0.0024178417561934173
A3104,12,0.073,0.699061,0.07375920100502513,6.17246865666846,0.06958794304522613,1.592311001824389,-0.004171257959799002,0.07504496984924623,4.685051327013038,0.07176228179899498,3.2332106537392034,-0.0032826880502512534,0.00620257613343795,0.007318012185556086,0.0062388234812681435,0.006113222310512498,0.005843918244676513,-0.16463348850682968,0.005992491513179889,0.006156433433504849,-0.03387054277745978,-0.15872872613465996
A2717,13,0.049,1.176927,0.04937442211055276,60.77837630147106,0.055886880633165825,8.761893236525102,0.006512458522613063,0.04947481909547739,44.52492740666158,0.05617618426130653,13.413339794062455,0.006701365165829136,0.01114735298909445,0.011224805742147488,0.011746056680235532,0.012886717922367749,0.053708148627463356,0.14805709946320278,0.011816656044248763,0.012980592283673166,0.060041433675698426,0.15642021624774832
A133,14,0.0566,1.317141,0.05601486432160804,8.86634228967338,0.05746621341708543,3.088587581112949,0.0014513490954773875,0.055724869346733666,10.03807592749738,0.058313403175879394,6.611383100848135,0.0025885338291457283,0.004959877980259716,0.005899433067276956,0.005183766042202813,0.00614017771134795,0.04513983263986933,0.040808098223261466,0.005620899793820884,0.006551067197461948,0.13327380556377216,0.11045707659596714
A2734,15,0.0625,1.268386,0.062164371859296484,40.66690085539478,0.06102881806030151,11.156384815067844,-0.0011355537989949718,0.06180906030150754,32.93119848545792,0.06032796733668342,14.879943190976643,-0.0014810929648241197,0.010072040626942102,0.01151166685952958,0.009773831991734275,0.011216333879555482,-0.02960756873936118,-0.025655101348734298,0.009707662298979312,0.011147888504673145,-0.03617720990800008,-0.03160084106805886
A957,16,0.044159,1.329625,0.04473372545728643,83.0839817931045,0.04758854917085427,22.51128907153297,0.002854823713567836,0.045303991522613066,62.879421432921504,0.04818725688442212,32.44174540937257,0.002883265361809051,0.010181852573897254,0.010336491902093575,0.009613532702076396,0.01026313441589825,-0.05581694173001811,-0.007096942259536519,0.00961196830850602,0.010266395565650397,-0.05597058700812666,-0.006781443560070904
A2877,17,0.023874,1.433975,0.02317774874371859,29.309968603797618,0.024977643608040202,12.978381574295168,0.0017998948643216106,0.0231558391959799,26.571909437638634,0.025388063266331657,16.30210481943713,0.002232224070351757,0.005637742142334634,0.005804081220540876,0.0051831459816067725,0.0053088621688252464,-0.08063443649084835,-0.08532255716254104,0.0051622182280986455,0.005275148106988392,-0.08434651713940754,-0.09113123911508496
A151,18,0.0533,1.436321,0.05247075879396985,7.863153708251034,0.05492831316582915,2.1696200465752526,0.002457554371859301,0.04148653266331658,7.652237121449807,0.042019073819095476,4.30479562732902,0.0005325411557788942,0.010271297019884537,0.010885789337110872,0.010835973991633815,0.010937526299742525,0.05497620900808358,0.004752706581899051,0.010346842161935333,0.010849881365644671,0.007354975900759754,-0.003298609807171865
A954,19,0.094641,1.459459,0.09559728874371859,62.92969985247454,0.10630048608040202,5.813541260512445,0.010703197336683429,0.0956565099396985,44.46788269122644,0.0932790517839196,9.272751184698143,-0.0023774581557789026,0.014991906123305391,0.015498898036268622,0.015133432089219448,0.015577266281655483,0.009440158226047752,0.0050563753115526605,0.015965867414187675,0.01645519946002955,0.06496580774130052,0.061701252664744785
A4059,20,0.0487,1.577108,0.049166648241206035,77.92884202426188,0.054791609804020106,11.618725384615955,0.005624961562814071,0.049081457286432165,61.36927631484038,0.05628632817085427,27.881322127199006,0.007204870884422107,0.011197100478673137,0.011421557140177136,0.01186485157740156,0.01357956710008562,0.05963607274939372,0.1889418345872772,0.012509321155564024,0.014523829593647274,0.11719290001820054,0.2716155437823275
A2415,21,0.0581,1.373753,0.05716361809045226,50.82907802788734,0.058602189462311556,13.197483258853433,0.001438571371859293,0.057178118628140706,42.542150203277664,0.058562812547738693,14.057057565456022,0.0013846939195979874,0.010043864311863411,0.010643436627477656,0.010216679809111973,0.010842890312605775,0.01720607645450156,0.018739594372479233,0.010206606209570349,0.010832043424951811,0.016203115917716383,0.017720479209434863
A3809,22,0.0623,1.106775,0.06236072864321608,43.061145557988105,0.06020951423618091,12.026032775331723,-0.002151214407035175,0.062395829145728644,31.28756759375139,0.06035626979899498,14.090553553462756,-0.002039559346733666,0.00930413734738115,0.010729960740075468,0.009385353982800864,0.010698419428778643,0.00872908818812459,-0.0029395551447845085,0.009369010535420266,0.01068941212100659,0.006972509714441769,-0.003779009080381052
A1069,23,0.065,1.369006,0.06524620052261307,63.1819873806295,0.060202849261306535,13.425912840331224,-0.0050433512613065334,0.06502890698492463,40.58105870188776,0.059747407386934674,19.140962837173657,-0.005281499597989951,0.010963094988357217,0.011283896423075342,0.010838755069315142,0.011237804518241513,-0.011341680353415085,-0.004084750790478031,0.01089074768902508,0.011291457518567024,-0.006599167425710555,0.0006700784204487787
MKW8,24,0.027,1.08744,0.027972151035175877,118.64835004785311,0.02894626232160804,31.55797687163422,0.0009741112864321624,0.027879650301507537,95.30851786811768,0.02894626232160804,36.72521629081896,0.0010666120201005026,0.00846938265287012,0.008469587124203266,0.008049854200432095,0.008115573772711299,-0.04953471458700175,-0.041798182874855275,0.008015030937870305,0.008087252944017296,-0.05364637939057381,-0.045142009236009396
A3733,25,0.03898,1.213196,0.03933098492462312,12.5080012089949,0.03861952674874372,5.784394837386886,-0.0007114581758793995,0.03892071859296482,15.790932500964612,0.03813383101005025,8.942932301664122,-0.0007868875829145708,0.006831144534107259,0.0062168178644882175,0.006652447569232121,0.006059936609268498,-0.02615915444079992,-0.025234976902871596,0.0066376922424317576,0.00604797410514662,-0.028319162434583642,-0.02715919350091771
A2440,26,0.0906,1.579778,0.09134650442211055,16.594921398149385,0.11054394160804021,3.9605063338162556,0.01919743718592966,0.09072078271356784,14.490922360034826,0.11241831095477386,6.853933428962421,0.02169752824120602,0.01761781970352815,0.01749198329792179,0.015567240735514104,0.01635204316247363,-0.11639232337037683,-0.06516929018469836,0.016962393159011133,0.0177935606157677,-0.037202477692841844,0.017240887594589704
A1644,27,0.0473,1.608435,0.04590030653266332,71.1053071622889,0.04625177032160804,23.572471732395595,0.0003514637889447253,0.04606449748743719,65.54754264134559,0.04567541916582915,28.277558516218487,-0.00038907832160803985,0.008412903082468217,0.008705845920139479,0.008441907308683971,0.008749126844828689,0.0034475882975754197,0.004971478370538048,0.00839785016097368,0.008674304738751953,-0.0017892660056795047,-0.003622988699416439
MCXCJ0229.3-3332,28,0.076514,1.341868,0.07866984924623116,16.527499577959958,0.07502666763819096,5.645508555599357,-0.003643181608040197,0.07397035175879398,15.576577917234824,0.07366485354773869,8.110614742152977,-0.00030549821105528563,0.007090441218859851,0.008007129494292626,0.009051009210383418,0.00977116081453008,0.2765086023573055,0.22030757982555815,0.007204748668130339,0.008107050943457685,0.0161213450252492,0.012479059972276121
ESO351-021,35,0.056897,0.762836,0.05721356783919598,6.689574904181712,0.05441862341708543,0.9324320846043402,-0.0027949444221105554,0.05704092462311558,2.231434508419833,0.0545635348241206,1.9100505734797355,-0.002477389798994978,0.005957362079830412,0.0055135384441929525,0.005459418618068693,0.005865518295597297,-0.08358455556152697,0.0638391941884547,0.005446508103791949,0.005758692350920501,-0.08575170842276646,0.04446398791065892
MKW4,36,0.02,1.118862,0.020523037567839197,113.94790503825298,0.025264997949748746,19.027249141310417,0.004741960381909549,0.02034552261306533,45.04452113728702,0.0260054356080402,21.815873939841566,0.0056599129949748694,0.01042600725737178,0.010444870473868306,0.007646249675102509,0.008346664009281657,-0.2666176527264379,-0.20088391424633611,0.0073441026751629584,0.008199373552914073,-0.2955977783374109,-0.21498561677448955
A168,37,0.044841,1.081385,0.044932504432160805,91.8998444583395,0.04666567052763819,18.56345121902178,0.0017331660954773842,0.04504177889447236,66.53472905637902,0.046935593462311555,21.003187139635592,0.001893814567839193,0.009264290727451552,0.009675982895283116,0.009013152514082396,0.009631539534668991,-0.02710819648880333,-0.00459316237896521,0.009006424976423602,0.009643197348722944,-0.02783437595107552,-0.0033883427570086952
MS0116.3-0115,38,0.0452,0.91694,0.045571228613065326,34.70295287653576,0.047125830326633165,7.760763234064638,0.0015546017135678394,0.04593810851758794,22.969451227919524,0.04794636283417086,10.104449767800684,0.0020082543165829136,0.008598101759770754,0.009362272299932285,0.008614646832729713,0.009760275275736249,0.0019242704286627263,0.04251136508888361,0.008672156253778629,0.009919423407766106,0.008612888760443038,0.059510243879346496
WHLJ012023-000444,39,0.078,0.746549,0.07731189025125629,43.20858236800887,0.07858291427135677,2.805103993447125,0.0012710240201004863,0.07746159175879397,13.184251222537535,0.08116890603015076,4.17335266023477,0.0037073142713567875,0.012541147728380522,0.013160746019836592,0.012594311716529727,0.01329253063246537,0.0042391644928075674,0.010013460667818204,0.013046462910295346,0.013871036871372748,0.0402925787064369,0.053970409463534014
A119,40,0.0442,1.705662,0.0439371377236181,101.10717294247031,0.045356373216080395,25.500437756581466,0.001419235492462298,0.04390929314572864,83.92343490554268,0.045929647557788944,32.401711622393215,0.0020203544120603045,0.009880617318658556,0.009560798477923042,0.00952883719587318,0.009349427962055045,-0.035603051048346296,-0.02210804007176543,0.009440405872241792,0.009323803677902007,-0.044553030667979505,-0.024788180670085477
NGC1132,41,0.023348,0.486982,0.02359276094472362,28.95244530891523,0.02832109619095477,2.8750448919745812,0.00472833524623115,0.02376202649748744,11.93811190396796,0.02767080339698492,7.321411683894217,0.003908776899497483,0.00966551565562008,0.009381222929664913,0.0070835801497233725,0.00881566442693834,-0.2671285835014321,-0.06028622355174903,0.007380330007249509,0.008734773549699168,-0.23642666669748078,-0.0689088602640035
A463,42,0.040085,1.276409,0.039276698492462306,19.68482662797225,0.04140211390954774,9.168419539584603,0.002125415417085434,0.04091437185929648,16.02763069777464,0.041863092150753775,10.540072928767222,0.0009487202914572959,0.0045466045607613975,0.005846949161478337,0.004734916833291393,0.0062813916441463,0.04141822100720801,0.07430242177069298,0.004509482644278618,0.005951672850720037,-0.008164755915470027,0.017910826030719446
A3122,43,0.0643,1.461581,0.06326922110552764,19.168665921680965,0.06055184391959799,8.481550316454173,-0.0027173771859296536,0.06346402512562814,18.15058682398948,0.06078546102512562,12.876248220823083,-0.0026785641005025174,0.0079036198910448,0.006946392535154447,0.0072052006262941625,0.00655791534783517,-0.08836701086067932,-0.05592502660240748,0.007208444642307804,0.006555701500216532,-0.08795656399476703,-0.05624373125484884
A3135,44,0.0642,1.426049,0.06290130150753769,29.78568406093417,0.06153553093467337,8.76037142170469,-0.0013657705728643138,0.06285959798994975,21.02552098716481,0.061480257829145735,10.910457453045268,-0.0013793401608040157,0.00923463400045154,0.01008872899273912,0.008865967482465036,0.009734422618936702,-0.03992215803771736,-0.03511902976652592,0.0088632835991839,0.009731799384356307,-0.04021279037690962,-0.0353790461256018
Fornax,45,0.0046,0.632652,0.004421763819095478,35.03514468964611,0.010933852864321608,6.798151673330626,0.0065120890452261306,0.004879879396984924,15.11630533302,0.012291662090452259,10.278445513565332,0.007411782693467334,0.010539740721244369,0.00884336067285238,0.006800042605924337,0.007004827234834581,-0.3548187962330165,-0.2078998591182405,0.006629480855450452,0.007190993404494652,-0.37100152358702937,-0.18684834074790316
MCXCJ0340-4542,46,0.068939,0.71511,0.06870042211055276,4.043163454188919,0.0724494901005025,0.6444313527972337,0.003749067989949742,0.06869208542713567,7.819672079938246,0.06371367100502513,1.8870537225768083,-0.004978414422110541,0.008456117902170313,0.008473529832198044,0.009936397214243269,0.010104523164317,0.17505424228924632,0.1924809807031593,0.008877008130878054,0.008661018408980222,0.04977345793626132,0.022126384221809497
A3158,47,0.059279,1.988828,0.05829322613065326,32.8000955113459,0.06066424136683417,19.885729344867446,0.0023710152361809053,0.05968427135678392,87.78156830938426,0.060586608201005025,56.672060808451384,0.0009023368442211063,0.008780986484801525,0.009125313332666623,0.009362178959218448,0.00968600850899421,0.06618760607625059,0.06144393686958912,0.008932718772007688,0.00927146857586437,0.017279640216823867,0.016016462982651036
A3223,48,0.059778,1.193746,0.059610050251256284,30.617438988702055,0.059833557165829145,9.428222891122385,0.0002235069145728602,0.059776844221105525,22.0893710232835,0.05982340337688442,10.794801501295527,4.655915577889136e-05,0.006664190148006483,0.006817318640815035,0.006704351153895985,0.0068765280291856745,0.00602638955335265,0.00868514316114773,0.006671958724939022,0.006829091822069879,0.0011657195788242869,0.0017269518816912138
A3112,50,0.073973,0.820878,0.07518731658291457,15.365658061185814,0.07074136120603015,1.9326620229318137,-0.004445955376884414,0.07518556281407035,8.57033258323835,0.0666648559798995,3.877803620191194,-0.008520706834170846,0.010493714995846969,0.009144610054373645,0.010724636646611404,0.009436511580508143,0.0220057101661162,0.03192060945178174,0.01241886774132445,0.011346299825442215,0.18345769312768517,0.24076365837114672
A970,51,0.0587,1.543075,0.05900305527638191,27.354346619420085,0.059490207190954776,8.169598529368923,0.000487151914572867,0.05851472361809045,25.855223407277233,0.058595837361809046,11.053242672882124,8.111374371859437e-05,0.00971983857389439,0.010478775561600769,0.009836602037538384,0.010605957040288697,0.01201290152673911,0.012137055321041701,0.009737686557807481,0.010498490488939475,0.0018362428323683811,0.0018814151732528042
IC1860,52,0.0223,0.923447,0.022543663316582915,27.706737764435807,0.025516562010050252,7.257838688689484,0.0029728986934673372,0.022346904522613068,13.874833924199423,0.02596184992964824,8.921997803299398,0.003614945407035171,0.007305506096911744,0.006884072503520438,0.005675871018084548,0.005731146201616794,-0.2230694297163193,-0.16747736188339826,0.005474278305015816,0.005659142404316538,-0.25066405634375455,-0.1779368387792958
[YMV2007]7609,53,0.04688,0.318703,0.0466985597638191,7.386348910271521,0.047223976844221104,0.6619671352581591,0.0005254170804020047,0.045415037864321606,5.450930528927979,0.04634047505527639,1.836597619503561,0.0009254371909547809,0.008095750757058285,0.009135963923643088,0.008107187357102075,0.009084103387222103,0.001412667013472441,-0.005676525964247102,0.008138658444167515,0.00906486279358082,0.005300025704450146,-0.007782553724655524
WBL081,54,0.02192,0.945083,0.02194003391959799,45.8052091807639,0.02483734976884422,7.221675201988469,0.00289731584924623,0.02237371969849246,25.743655938800888,0.025317712159296485,12.864395994122916,0.0029439924608040263,0.009502021142383238,0.008756108711097468,0.007702775784131994,0.007439655384170865,-0.18935396283489733,-0.15034684588350683,0.007679288099770735,0.007425792938274668,-0.19182582476924864,-0.15193002013974102
[YMV2007]2116,55,0.027619,1.049948,0.028607922743718595,43.90947081344406,0.029426622934673366,8.456628470470262,0.0008187001909547714,0.03838721655276382,28.26589349072475,0.03188267956281407,21.439412978221068,-0.006504536989949752,0.008061957116641294,0.008594329185492832,0.00786510320935774,0.008639910554687066,-0.02441763264619867,0.005303656423956234,0.011727713862487454,0.0107357123520166,0.4546981201722588,0.24916233952713923
[YMV2007]4832,56,0.090357,0.849138,0.09196840201005024,8.958858983557468,0.09103527421105527,1.6917125695675606,-0.0009331277989949732,0.09118227022613065,6.390811063390396,0.09130909244221105,3.115806021878906,0.00012682221608040223,0.0074876258787155365,0.007887988688103779,0.007662485198995022,0.008154505543783507,0.02335310592594428,0.03378768228733312,0.007472544401182053,0.007859624092640953,-0.0020141868434364824,-0.003595922431481675
[YMV2007]514,57,0.055666,0.41609,0.05609143636683417,23.338510734519787,0.05597856527638191,2.3371874333634506,-0.0001128710904522573,0.055933859346733665,11.732452367333597,0.057171980060301504,3.1160460960344483,0.001238120713567839,0.00809666519800521,0.008050966880520313,0.008094784520677356,0.008053746889038793,-0.00023227801593152825,0.0003453011991896925,0.0082196535377453,0.00812401673663361,0.01518999942968993,0.009073426483723895
A978,58,0.054137,1.211795,0.05411715210552764,94.44182165002388,0.056591938190954774,13.859057978062133,0.0024747860854271372,0.053909724231155774,60.2415453071979,0.055115679396984925,20.90972274486246,0.0012059551658291506,0.010428429220276567,0.011441010670071621,0.011183496134719799,0.012023369532077771,0.07240466406725124,0.05090099806737657,0.010731910827813189,0.011662989778678573,0.02910137290346137,0.019402054154850516
WBL550,59,0.006067,0.462536,0.006129245864321608,11.714611286681016,0.015783201905025124,1.5319383104936224,0.009653956040703515,0.005966673126633165,2.84655925120436,0.017326634829648243,1.8005994502395641,0.011359961703015078,0.010710347881814358,0.010000158672991664,0.005674113355340383,0.0069459230714282085,-0.47022137675147346,-0.30541871398623976,0.006082256982145871,0.0076472003924341015,-0.43211396592698514,-0.2352920946056997
A4049,60,0.028116,0.679298,0.029299658291457288,48.62215814517831,0.030605374140703516,10.89303228663382,0.0013057158492462279,0.029135175879396985,33.4390085212919,0.031235155688442214,17.97739250531988,0.0020999798090452285,0.00708164333009358,0.007158629117568546,0.006526449182360507,0.006785028616494243,-0.07839905539633224,-0.05218883321632361,0.0062981510711779855,0.006673508175044618,-0.11063706860046585,-0.06776729658103875
NGC3258,61,0.009307,1.319658,0.009461472361809047,50.65728468865252,0.012257410362814069,8.927378245410532,0.002795938001005022,0.010885321608040201,51.184040099383864,0.018589275417085424,31.75779305237918,0.007703953809045223,0.008168044884845661,0.0077205412409697,0.0063221953357218835,0.006238823792816849,-0.22598425634859326,-0.19191885671045875,0.005552449122916648,0.006358101271239025,-0.3202229907896051,-0.17646948927631823
A1631,63,0.046422,1.323506,0.04540638190954774,64.03581766429339,0.04646384923618091,21.66428184059447,0.0010574673266331713,0.04580133165829146,61.9877101336644,0.046024817587939706,24.879424277527384,0.0002234859296482497,0.00846563994233326,0.00837539055158389,0.008552621893774875,0.008490248577884036,0.010274704810755398,0.013713751686293088,0.008473105708216534,0.008388693781074184,0.0008818903159275742,0.0015883712417181848
WBL074,64,0.022726,0.836071,0.021787708140703518,43.98236833336135,0.024985438341708542,9.467014952440202,0.0031977302010050244,0.022186776844221108,25.47860798445794,0.02579755969748744,12.059505424595537,0.0036107828532663325,0.00961121716094008,0.009282276662177085,0.007720810477323012,0.00792948499001726,-0.1966875424789764,-0.14573921047538982,0.0075412292149354175,0.00783329925830146,-0.21537209193618886,-0.15610151007239836
[YMV2007]49,66,0.05512,0.632561,0.05429385181407035,27.262471789566447,0.05544908040201005,3.884052855986765,0.0011552285879396981,0.05460961108542713,19.089765224231236,0.055105220633165836,5.366595204773978,0.0004956095477387026,0.007569689167988129,0.009668037369178827,0.007500964501415291,0.009691534988834648,-0.009078928480111345,0.002430443611102459,0.007518572971262608,0.00966122110956224,-0.006752747119616067,-0.0007050303341106787
WBL288,67,0.039426,0.691517,0.03902675270351759,33.92319622421184,0.037929547301507535,4.617946765852333,-0.0010972054020100541,0.03891936685427136,14.775314875331912,0.03720592889447236,5.526781040403145,-0.0017134379597989954,0.008138227272841038,0.009138334339739148,0.008218087051978571,0.00925504986429773,0.009812920733246487,0.01277207861076287,0.008326250627874347,0.009376435658284615,0.023103723787707697,0.026055220753967684
MKW1,68,0.021,0.765779,0.020564558994974873,26.86177637612229,0.023990155251256282,2.4208238819206933,0.003425596256281409,0.034657400000000005,11.312821066572193,0.035406933673366836,6.526665045209286,0.0007495336733668312,0.011379597323166271,0.009499969026093995,0.009595425447704404,0.008348898561962392,-0.15678690772560988,-0.12116570706387632,0.010922505640955918,0.009151405392353118,-0.04016764998176335,-0.036691028442667716
[YMV2007]4713,69,0.052894,0.538199,0.05318154298994975,31.365360694050956,0.05469059424120603,2.2150811316587165,0.001509051251256277,0.052532131748743716,12.048972810331222,0.05224951015075377,3.153222950770572,-0.000282621597989946,0.00978008638211078,0.012010014058968508,0.009684141154599457,0.012075047931834053,-0.009810263811863874,0.0054149705858987165,0.009823757349163513,0.01201887895560163,0.004465294614637841,0.0007381254168059101
A2870,74,0.023216,0.594019,0.02238343718592965,27.717899961965895,0.024957544125628138,8.675225804934342,0.0025741069396984888,0.022983396984924624,23.312844764690432,0.025211773658291456,13.401805340642861,0.0022283766733668317,0.005767313717875381,0.005795112333930642,0.004897645536661859,0.00513559459875557,-0.15079259144825902,-0.11380585865671078,0.0049459320258806,0.0051548191286869705,-0.14242015124805277,-0.11048848897970895
ESO351-021,81,0.056897,0.762836,0.05721356783919598,6.689574904181712,0.05441862341708543,0.9324320846043402,-0.0027949444221105554,0.05704092462311558,2.231434508419833,0.0545635348241206,1.9100505734797355,-0.002477389798994978,0.005957362079830412,0.0055135384441929525,0.005459418618068693,0.005865518295597297,-0.08358455556152697,0.0638391941884547,0.005446508103791949,0.005758692350920501,-0.08575170842276646,0.04446398791065892
A133,82,0.056638,0.808241,0.05601486432160804,8.86634228967338,0.05746621341708543,3.088587581112949,0.0014513490954773875,0.05573819597989949,7.159734589410827,0.057700132798994976,4.320599700152707,0.0019619368190954833,0.004959877980259716,0.0054726231234176765,0.005183766042202813,0.005384958671226194,0.04513983263986933,-0.01601872634283204,0.005354636146166939,0.005446527979839733,0.07959029788199593,-0.004768306347696513
A3104,83,0.073,0.699061,0.07375920100502513,6.17246865666846,0.06958794304522613,1.592311001824389,-0.004171257959799002,0.07504496984924623,4.685051327013038,0.07176228179899498,3.2332106537392034,-0.0032826880502512534,0.00620257613343795,0.007318012185556086,0.0062388234812681435,0.006113222310512498,0.005843918244676513,-0.16463348850682968,0.005992491513179889,0.006156433433504849,-0.03387054277745978,-0.15872872613465996
A463,84,0.040085,1.276409,0.039276698492462306,19.68482662797225,0.04140211390954774,9.168419539584603,0.002125415417085434,0.04091437185929648,16.02763069777464,0.041863092150753775,10.540072928767222,0.0009487202914572959,0.0045466045607613975,0.005846949161478337,0.004734916833291393,0.0062813916441463,0.04141822100720801,0.07430242177069298,0.004509482644278618,0.005951672850720037,-0.008164755915470027,0.017910826030719446
CODEX-59603,86,0.061004,0.542878,0.06135114417085427,17.322855343800207,0.06131965964824121,1.976692265696963,-3.148452261306223e-05,0.06142607135678392,4.50083197556293,0.06268382540703517,2.6982015865484628,0.0012577540502512474,0.007569384233802653,0.010095203473421894,0.007579274466480808,0.010091400696124478,0.0013066099398136974,-0.00037669149586019553,0.007275432218785929,0.010324791428072718,-0.038834336577078556,0.02274228105013141
MCXCJ0229.3-3332,87,0.076514,1.341868,0.07866984924623116,16.527499577959958,0.07502666763819096,5.645508555599357,-0.003643181608040197,0.07397035175879398,15.576577917234824,0.07366485354773869,8.110614742152977,-0.00030549821105528563,0.007090441218859851,0.008007129494292626,0.009051009210383418,0.00977116081453008,0.2765086023573055,0.22030757982555815,0.007204748668130339,0.008107050943457685,0.0161213450252492,0.012479059972276121
MCXCJ1326.2+0013,89,0.0826,1.059026,0.08202552152763819,22.987742120243453,0.08677602462311557,3.8528212821119188,0.004750503095477379,0.08198889979899499,16.28593067766933,0.10174259336683417,4.875230861350701,0.01975369356783918,0.016120849432544767,0.01759856810051287,0.012811031124226518,0.014747920768789958,-0.20531289757203414,-0.1619817768946689,0.012572230100103008,0.014921594455152423,-0.2201260763144284,-0.1521131509149562
MCXCJ1020.4-0631,90,0.054082,1.216136,0.05408624720603015,98.19054714262359,0.05688718994974874,14.015553860257947,0.0028009427437185944,0.053873195979899494,59.423061430373394,0.05452517587939698,21.077459652339275,0.0006519798994974874,0.010363508190711308,0.01139957648450498,0.011242686656472633,0.012121678732415644,0.08483405904472796,0.06334465573279775,0.010508229205903304,0.011510987404487263,0.013964481190038276,0.009773250798722287
A993,92,0.054516,0.839893,0.054448272462311556,70.20811663146101,0.05486062881407035,9.822849298836717,0.0004123563517587914,0.053975285628140704,35.01175214743867,0.052796738015075374,15.371419625917014,-0.0011785476130653297,0.00982064125335143,0.010789447037253458,0.009877268342499922,0.010767814924171809,0.005766129490695701,-0.002004932505526756,0.009753560732438117,0.010937089630666223,-0.006830564235346744,0.013683981477733696
[YMV2007]841,93,0.050225,0.529222,0.050279776180904526,18.87914057309542,0.04639544522613065,1.6328340150097846,-0.0038843309547738764,0.06577147718592964,6.957045852869166,0.059452053015075376,4.802433395828048,-0.006319424170854265,0.0088262111665802,0.009286028857314546,0.009456132754977998,0.00889959501663327,0.07136942188545745,-0.04161454229995044,0.010584257650260857,0.009496610034767311,0.19918472949495827,0.02267720472211242
MKW6,94,0.05367,1.199136,0.05425328848241206,66.8088983981837,0.0567360244120603,8.89967079010275,0.00248273592964824,0.054120677336683416,40.157719160565776,0.05623166525125627,9.80434885798227,0.0021109879145728566,0.010808309587024204,0.011712150188511095,0.010822955804830886,0.012061661615954726,0.001355088664768251,0.029841781553184017,0.010784441518996168,0.011977260094439933,-0.002208307213617445,0.02263545989948925
[YMV2007]1540,95,0.093247,0.857986,0.0946642112562814,22.631776072621527,0.11148517740703517,1.642515848717561,0.016820966150753777,0.09412677462311558,12.982882194973913,0.10908460302512563,2.7934321067764323,0.014957828402010043,0.016664057747287242,0.015792822347810643,0.019345932530188303,0.019296028170569367,0.16093767937990047,0.22182265750899005,0.01832211150515345,0.01818936112116173,0.0994988005329088,0.1517486058268312
A3225,96,0.054979,2.028371,0.05809205025125628,5.021730936741178,0.06015372648241206,5.1300684631235605,0.0020616762311557804,0.058692095477386935,12.378481124975908,0.060109420055276384,13.733182864603661,0.0014173245778894492,0.005448193946637979,0.0054940231737944925,0.0046410067665550525,0.00586692857569063,-0.14815683655700862,0.06787474135071539,0.004813621949699807,0.005673051247307362,-0.11647382658426828,0.032585969852985265
Hydra,101,0.012635,1.409045,0.012484738693467338,79.43392291344553,0.014719105694472361,21.576924123366254,0.0022343670010050234,0.012429829145728643,67.01190888135989,0.014459645025125627,26.159934139030398,0.002029815879396985,0.008711298474955206,0.008334544761665407,0.0076139774281977005,0.007310372405081352,-0.12596526796921034,-0.12288281914265047,0.007693987435362279,0.007381952350299408,-0.11678064326663527,-0.11429447421620807
Antlia,102,0.009107,1.330019,0.009342844221105527,47.90636606201117,0.012081530952763818,8.912197785197137,0.00273868673165829,0.0108198391959799,51.489711455474335,0.018589275417085424,32.23878475051257,0.007769436221105524,0.008087816529024237,0.007685328111792426,0.006285629003167947,0.006233585358308174,-0.22282744908825436,-0.18889795365492426,0.005568867665649329,0.006389492001922936,-0.3114498028405213,-0.16861168332958346
NGC3091,103,0.012261,0.57534,0.012025688442211056,8.749405568808555,0.013770998306532663,2.0720992614353415,0.0017453098643216078,0.0126108391959799,3.0009003311849307,0.013991488115577889,2.3688396516813617,0.0013806489195979897,0.0046174942880508356,0.004359911639147511,0.003869292467166279,0.004255955037878191,-0.16203632840884183,-0.023843740395079884,0.00397425136109913,0.004218628335204514,-0.13930562483126221,-0.03240508423941875
NGC3250,105,0.009213,0.254497,0.009449527638190954,14.238601747824394,0.019834171778894474,1.085990400666413,0.01038464414070352,0.009791457286432161,1.6785569002979446,0.019263767547738692,2.169082036604121,0.009472310261306531,0.010297231471888255,0.007422264814311442,0.004520149527930311,0.006796075242644166,-0.5610325415845558,-0.0843663743255119,0.004394344466950714,0.006190874535558139,-0.5732499090704717,-0.1659049238419739
NGC3347,107,0.00975,0.367523,0.010021170854271356,5.890007193301871,0.011864937095477385,0.987493833498485,0.0018437662412060293,0.009399788944723618,5.002440374249636,0.011864937095477385,2.210405964219244,0.0024651481507537674,0.005629989836386913,0.005972406906847841,0.004501305784639381,0.0048715667512676565,-0.20047710289862145,-0.18432102379326892,0.004235533472706668,0.004608776207856688,-0.24768363784030342,-0.22832180061737622
A639,109,0.02061,0.975965,0.02131815577889447,10.586192085865754,0.023596451567839197,3.6751433083627445,0.002278295788944725,0.02046270351758794,15.141435424168526,0.023398216067839196,7.599273188220912,0.0029355125502512555,0.005372944132492259,0.006325588330072557,0.004431622580470497,0.00538397394873581,-0.1751966014925092,-0.14885799268033406,0.004348125811914788,0.005266480798802191,-0.190736827948759,-0.16743225704955383
